trace,len,percentage,Variant_Name,len_trace
"(NEW,""CHANGE DIAGN"",FIN,RELEASE,""CODE OK"",BILLED)",33673,33.79805279534277,Variant_0,6
NEW,22373,22.4560875238382,Variant_1,1
"(NEW,FIN,RELEASE,""CODE OK"",BILLED)",20902,20.979624611060927,Variant_2,5
"(NEW,DELETE)",4813,4.830874234668273,Variant_3,2
"(NEW,FIN)",3508,3.5210278028706217,Variant_4,2
"(NEW,""CHANGE DIAGN"",""CHANGE DIAGN"",FIN,RELEASE,""CODE OK"",BILLED)",2121,2.128876844323999,Variant_5,7
"(NEW,""CHANGE DIAGN"",DELETE)",1555,1.5607748670079293,Variant_6,3
"(NEW,FIN,RELEASE,""CODE NOK"",BILLED)",977,0.9806283248017666,Variant_7,5
"(NEW,""CHANGE DIAGN"",FIN,RELEASE,""CODE OK"",REOPEN,FIN,RELEASE,""CODE OK"",BILLED)",869,0.8722272407909265,Variant_8,10
"(NEW,FIN,RELEASE,""CODE OK"",BILLED,""CODE OK"")",512,0.5139014353106494,Variant_9,6
"(NEW,FIN,RELEASE,""CODE NOK"",EMPTY)",400,0.4014854963364448,Variant_10,5
"(NEW,FIN,RELEASE,BILLED)",359,0.36033323296195924,Variant_11,4
"(NEW,""CHANGE DIAGN"",FIN,RELEASE,""CODE OK"",BILLED,STORNO,REJECT,BILLED)",314,0.3151661146241092,Variant_12,9
"(NEW,FIN,RELEASE,""CODE OK"",REOPEN,FIN,RELEASE,""CODE OK"",BILLED)",273,0.27401385124962363,Variant_13,9
"(NEW,""CHANGE DIAGN"",FIN,RELEASE,""CODE OK"",BILLED,STORNO,REJECT,REOPEN,FIN,RELEASE,""CODE OK"",BILLED)",272,0.2730101375087825,Variant_14,13
"(NEW,""CHANGE DIAGN"",FIN,RELEASE,""CODE OK"",BILLED,STORNO,BILLED)",256,0.2569507176553247,Variant_15,8
"(NEW,FIN,RELEASE,""CODE NOK"",""SET STATUS"")",230,0.2308541603934558,Variant_16,5
"(NEW,""CHANGE DIAGN"",FIN,RELEASE,""CODE OK"",REOPEN,DELETE)",229,0.22985044665261464,Variant_17,7
"(NEW,FIN,RELEASE,""CODE OK"",BILLED,STORNO,BILLED)",214,0.214794740539998,Variant_18,7
"(NEW,""CHANGE DIAGN"",FIN,RELEASE,""CODE NOK"",""CODE OK"",BILLED)",206,0.20676503061326912,Variant_19,7
"(NEW,FIN,RELEASE,""CODE OK"",REOPEN,DELETE)",204,0.2047576031315869,Variant_20,6
"(NEW,FIN,RELEASE,""CODE NOK"",REOPEN,DELETE)",176,0.17665361838803573,Variant_21,6
"(NEW,FIN,DELETE)",166,0.16661648097962461,Variant_22,3
"(NEW,FIN,RELEASE,""CODE OK"",BILLED,STORNO,REJECT,REOPEN,DELETE)",165,0.1656127672387835,Variant_23,9
"(NEW,""CHANGE DIAGN"",FIN,RELEASE,""CODE OK"",BILLED,""CODE OK"")",162,0.16260162601626016,Variant_24,7
"(NEW,""CHANGE DIAGN"",""CHANGE DIAGN"",""CHANGE DIAGN"",FIN,RELEASE,""CODE OK"",BILLED)",160,0.16059419853457793,Variant_25,8
"(NEW,FIN,RELEASE,""CODE OK"",""CODE OK"",BILLED)",140,0.14051992371775568,Variant_26,6
"(NEW,FIN,RELEASE,""CODE OK"",BILLED,STORNO,REJECT,BILLED)",131,0.1314865000501857,Variant_27,8
"(NEW,FIN,RELEASE,DELETE)",125,0.125464217605139,Variant_28,4
"(NEW,FIN,RELEASE,""CODE OK"",RELEASE,""CODE OK"",BILLED)",110,0.11040851149252233,Variant_29,7
"(NEW,""CHANGE DIAGN"",FIN,RELEASE,""CODE OK"",BILLED,STORNO,BILLED,STORNO,BILLED)",104,0.10438622904747566,Variant_30,10
"(NEW,""CHANGE DIAGN"",FIN,RELEASE,REOPEN,FIN,RELEASE,""CODE OK"",BILLED)",98,0.09836394660242898,Variant_31,9
"(NEW,FIN,RELEASE,""CODE NOK"",""CODE OK"",BILLED)",97,0.09736023286158788,Variant_32,6
"(NEW,FIN,RELEASE)",91,0.09133795041654119,Variant_33,3
"(NEW,""CHANGE DIAGN"",FIN,RELEASE,""CODE OK"",BILLED,STORNO,REJECT,RELEASE,""CODE OK"",BILLED)",91,0.09133795041654119,Variant_34,11
"(NEW,""CHANGE DIAGN"",FIN,RELEASE,""CODE NOK"",REOPEN,FIN,RELEASE,""CODE OK"",BILLED)",90,0.09033423667570009,Variant_35,10
"(NEW,""CHANGE DIAGN"",FIN)",88,0.08832680919401786,Variant_36,3
"(NEW,""CHANGE DIAGN"",FIN,RELEASE,""CODE OK"",BILLED,STORNO,REJECT,REOPEN,DELETE)",81,0.08130081300813008,Variant_37,10
"(NEW,""CHANGE DIAGN"",FIN,REOPEN,FIN,RELEASE,""CODE OK"",BILLED)",79,0.07929338552644787,Variant_38,8
"(NEW,FIN,RELEASE,""CODE NOK"",""CODE NOK"",BILLED)",74,0.0742748168222423,Variant_39,6
"(NEW,FIN,RELEASE,""CODE OK"",DELETE)",73,0.07327110308140118,Variant_40,5
"(NEW,""CHANGE DIAGN"",""CHANGE DIAGN"",DELETE)",69,0.06925624811803674,Variant_41,4
"(NEW,FIN,RELEASE,""CODE NOK"",DELETE)",68,0.06825253437719563,Variant_42,5
"(NEW,""CHANGE DIAGN"",""CHANGE DIAGN"",FIN,RELEASE,""CODE OK"",REOPEN,FIN,RELEASE,""CODE OK"",BILLED)",64,0.06423767941383117,Variant_43,11
"(NEW,""CHANGE DIAGN"",FIN,RELEASE,""CODE NOK"",""SET STATUS"")",61,0.06122653819130784,Variant_44,6
"(NEW,FIN,RELEASE,""CODE OK"",BILLED,STORNO,REJECT,RELEASE,""CODE OK"",BILLED)",60,0.06022282445046673,Variant_45,10
"(NEW,FIN,REOPEN,FIN,RELEASE,""CODE OK"",BILLED)",58,0.05821539696878451,Variant_46,7
"(NEW,""CHANGE DIAGN"",FIN,RELEASE,""CODE OK"",REOPEN,""CHANGE DIAGN"",FIN,RELEASE,""CODE OK"",BILLED)",55,0.055204255746261165,Variant_47,11
"(NEW,FIN,RELEASE,""CODE OK"",BILLED,STORNO,REJECT,REOPEN,FIN,RELEASE,""CODE OK"",BILLED)",54,0.05420054200542006,Variant_48,12
"(NEW,""CHANGE DIAGN"",FIN,RELEASE,""CODE OK"",REOPEN,FIN,RELEASE,""CODE OK"",REOPEN,FIN,RELEASE,""CODE OK"",BILLED)",48,0.04817825956037338,Variant_49,14
"(NEW,""CHANGE DIAGN"",FIN,FIN,RELEASE,""CODE OK"",BILLED)",44,0.04416340459700893,Variant_50,7
"(NEW,FIN,RELEASE,REOPEN,FIN,RELEASE,""CODE OK"",BILLED)",43,0.043159690856167825,Variant_51,8
"(NEW,FIN,RELEASE,""SET STATUS"")",39,0.039144835892803376,Variant_52,4
"(NEW,""CHANGE DIAGN"",FIN,RELEASE,DELETE)",39,0.039144835892803376,Variant_53,5
"(NEW,FIN,RELEASE,""CODE OK"")",38,0.03814112215196226,Variant_54,4
"(NEW,FIN,REOPEN,DELETE)",37,0.03713740841112115,Variant_55,4
"(NEW,FIN,RELEASE,""CODE NOK"",REOPEN,FIN,RELEASE,""CODE NOK"",BILLED)",37,0.03713740841112115,Variant_56,9
"(NEW,FIN,RELEASE,""CODE NOK"",""CODE NOK"",""CODE NOK"",BILLED)",36,0.03613369467028004,Variant_57,7
"(NEW,FIN,RELEASE,REOPEN,DELETE)",35,0.03512998092943892,Variant_58,5
"(NEW,""CHANGE DIAGN"",FIN,RELEASE,""SET STATUS"")",34,0.03412626718859781,Variant_59,5
"(NEW,FIN,RELEASE,""CODE OK"",BILLED,""CODE OK"",""CODE OK"")",33,0.0331225534477567,Variant_60,7
"(NEW,""CHANGE DIAGN"",FIN,DELETE)",32,0.032118839706915585,Variant_61,4
"(NEW,""CHANGE DIAGN"",FIN,RELEASE,""CODE OK"",BILLED,STORNO,REJECT,""SET STATUS"")",31,0.031115125966074474,Variant_62,9
"(NEW,""CHANGE DIAGN"",FIN,RELEASE,""CODE OK"")",31,0.031115125966074474,Variant_63,5
"(NEW,""CHANGE DIAGN"",FIN,""SET STATUS"")",28,0.028103984743551136,Variant_64,4
"(NEW,""CHANGE DIAGN"",FIN,RELEASE,""CODE OK"",RELEASE,""CODE OK"",BILLED)",28,0.028103984743551136,Variant_65,8
"(NEW,NEW,JOIN-PAT,JOIN-PAT,JOIN-PAT,JOIN-PAT)",28,0.028103984743551136,Variant_66,6
"(NEW,FIN,RELEASE,""CODE OK"",""CODE OK"")",27,0.02710027100271003,Variant_67,5
"(NEW,""CHANGE DIAGN"",FIN,RELEASE,""CODE OK"",BILLED,STORNO,REJECT,BILLED,STORNO,REJECT,BILLED)",27,0.02710027100271003,Variant_68,12
"(NEW,""CHANGE DIAGN"",FIN,RELEASE,""CODE NOK"",""CODE NOK"",""CODE OK"",BILLED)",26,0.026096557261868915,Variant_69,8
"(NEW,FIN,RELEASE,""CODE OK"",REOPEN,FIN,RELEASE,""CODE OK"",REOPEN,FIN,RELEASE,""CODE OK"",BILLED)",26,0.026096557261868915,Variant_70,13
"(NEW,""CHANGE DIAGN"",FIN,RELEASE,""CODE NOK"",REOPEN,""CHANGE DIAGN"",FIN,RELEASE,""CODE OK"",BILLED)",25,0.0250928435210278,Variant_71,11
"(NEW,NEW)",23,0.02308541603934558,Variant_72,2
"(NEW,FIN,RELEASE,""CODE NOK"",BILLED,STORNO,BILLED)",22,0.022081702298504466,Variant_73,7
"(NEW,FIN,RELEASE,""CODE NOK"",REOPEN,FIN,RELEASE,""CODE OK"",BILLED)",21,0.021077988557663352,Variant_74,9
"(NEW,FIN,RELEASE,""CODE NOK"",BILLED,STORNO,REJECT,BILLED)",19,0.01907056107598113,Variant_75,8
"(NEW,""CHANGE DIAGN"",""CHANGE DIAGN"",FIN,RELEASE,""CODE OK"",BILLED,""CODE OK"")",19,0.01907056107598113,Variant_76,8
"(NEW,""CHANGE DIAGN"",FIN,RELEASE,""CODE OK"",REOPEN,FIN,RELEASE,""CODE OK"",BILLED,""CODE OK"")",19,0.01907056107598113,Variant_77,11
"(NEW,""CHANGE DIAGN"")",18,0.01806684733514002,Variant_78,2
"(NEW,FIN,RELEASE,MANUAL,BILLED)",18,0.01806684733514002,Variant_79,5
"(NEW,""CHANGE DIAGN"",FIN,RELEASE,""CODE OK"",""CODE OK"",BILLED)",18,0.01806684733514002,Variant_80,7
"(NEW,FIN,RELEASE,""CODE NOK"",""CODE NOK"",""SET STATUS"")",17,0.017063133594298906,Variant_81,6
"(NEW,NEW,""CHANGE DIAGN"",JOIN-PAT,JOIN-PAT,JOIN-PAT,JOIN-PAT,FIN,FIN,RELEASE,RELEASE,""CODE OK"",BILLED,BILLED)",17,0.017063133594298906,Variant_82,14
"(NEW,""CHANGE DIAGN"",FIN,RELEASE,""CODE OK"",BILLED,STORNO,BILLED,STORNO,REJECT,BILLED)",16,0.016059419853457792,Variant_83,11
"(NEW,""CHANGE DIAGN"",FIN,RELEASE,REOPEN,DELETE)",16,0.016059419853457792,Variant_84,6
"(NEW,""CHANGE DIAGN"",""CHANGE DIAGN"",""CHANGE DIAGN"",""CHANGE DIAGN"",FIN,RELEASE,""CODE OK"",BILLED)",16,0.016059419853457792,Variant_85,9
"(NEW,""CHANGE DIAGN"",FIN,RELEASE,REOPEN,""CHANGE DIAGN"",FIN,RELEASE,""CODE OK"",BILLED)",16,0.016059419853457792,Variant_86,10
"(NEW,FIN,RELEASE,FIN,RELEASE,BILLED)",16,0.016059419853457792,Variant_87,6
"(NEW,""CHANGE DIAGN"",FIN,RELEASE,""CODE NOK"",DELETE)",15,0.015055706112616682,Variant_88,6
"(NEW,""CHANGE DIAGN"",FIN,REOPEN,DELETE)",15,0.015055706112616682,Variant_89,5
"(NEW,""CHANGE DIAGN"",FIN,RELEASE,""CODE NOK"",REOPEN,DELETE)",15,0.015055706112616682,Variant_90,7
"(NEW,""CHANGE DIAGN"",""CHANGE DIAGN"",FIN,RELEASE,""CODE OK"",BILLED,STORNO,REJECT,BILLED)",15,0.015055706112616682,Variant_91,10
"(NEW,FIN,RELEASE,""CODE OK"",MANUAL,RELEASE,""CODE OK"",BILLED)",15,0.015055706112616682,Variant_92,8
"(NEW,""CHANGE DIAGN"",FIN,RELEASE,""CODE NOK"",EMPTY)",15,0.015055706112616682,Variant_93,6
"(NEW,""CHANGE DIAGN"",""CHANGE DIAGN"",FIN,RELEASE,""CODE OK"",BILLED,STORNO,BILLED)",15,0.015055706112616682,Variant_94,9
"(NEW,FIN,RELEASE,MANUAL)",14,0.014051992371775568,Variant_95,4
"(NEW,""CHANGE DIAGN"",FIN,RELEASE)",13,0.013048278630934457,Variant_96,4
"(NEW,""CHANGE DIAGN"",FIN,RELEASE,""CODE OK"",REOPEN,FIN,RELEASE,""CODE OK"",BILLED,STORNO,BILLED)",13,0.013048278630934457,Variant_97,12
"(NEW,""CHANGE DIAGN"",""CHANGE DIAGN"",FIN,RELEASE,""CODE NOK"",""CODE OK"",BILLED)",13,0.013048278630934457,Variant_98,8
"(NEW,FIN,RELEASE,REOPEN,FIN,RELEASE,""CODE OK"",REOPEN,FIN,RELEASE,""CODE OK"",BILLED)",13,0.013048278630934457,Variant_99,12
"(NEW,""CHANGE DIAGN"",FIN,RELEASE,""CODE NOK"",""CODE NOK"",REOPEN,FIN,RELEASE,""CODE OK"",BILLED)",12,0.012044564890093345,Variant_100,11
"(NEW,FIN,RELEASE,""CODE OK"",BILLED,STORNO,REJECT,RELEASE,""CODE OK"",BILLED,""CODE OK"")",12,0.012044564890093345,Variant_101,11
"(NEW,""CHANGE DIAGN"",FIN,RELEASE,""CODE OK"",REOPEN,FIN,RELEASE,""CODE OK"",BILLED,STORNO,REJECT,REOPEN,FIN,RELEASE,""CODE OK"",BILLED)",12,0.012044564890093345,Variant_102,17
"(NEW,NEW,DELETE)",12,0.012044564890093345,Variant_103,3
"(NEW,""CHANGE DIAGN"",FIN,RELEASE,""CODE OK"",MANUAL,RELEASE,""CODE OK"",BILLED)",12,0.012044564890093345,Variant_104,9
"(NEW,""CHANGE DIAGN"",FIN,RELEASE,""CODE OK"",BILLED,STORNO,REJECT,BILLED,STORNO,REJECT,BILLED,STORNO,REJECT,BILLED)",12,0.012044564890093345,Variant_105,15
"(NEW,FIN,RELEASE,""CODE OK"",BILLED,STORNO,REJECT,BILLED,STORNO,REJECT,BILLED)",11,0.011040851149252233,Variant_106,11
"(NEW,""CHANGE DIAGN"",FIN,RELEASE,""CODE OK"",REOPEN,FIN,RELEASE,""CODE OK"",BILLED,STORNO,REJECT,BILLED)",11,0.011040851149252233,Variant_107,13
"(NEW,FIN,RELEASE,EMPTY)",11,0.011040851149252233,Variant_108,4
"(NEW,""CHANGE DIAGN"",""CHANGE DIAGN"",FIN,RELEASE,REOPEN,FIN,RELEASE,""CODE OK"",BILLED)",10,0.01003713740841112,Variant_109,10
"(NEW,""CHANGE DIAGN"",FIN,RELEASE,""CODE OK"",""SET STATUS"")",10,0.01003713740841112,Variant_110,6
"(NEW,""SET STATUS"")",10,0.01003713740841112,Variant_111,2
"(NEW,""CHANGE DIAGN"",FIN,REOPEN,""CHANGE DIAGN"",FIN,RELEASE,""CODE OK"",BILLED)",10,0.01003713740841112,Variant_112,9
"(NEW,""CHANGE DIAGN"",FIN,RELEASE,""CODE OK"",BILLED,STORNO,REJECT,REOPEN,FIN,RELEASE,""CODE OK"",BILLED,STORNO,BILLED)",10,0.01003713740841112,Variant_113,15
"(NEW,FIN,FIN,RELEASE,""CODE OK"",BILLED)",10,0.01003713740841112,Variant_114,6
"(NEW,""CHANGE DIAGN"",FIN,RELEASE,""CODE OK"",REOPEN,FIN,RELEASE,""CODE OK"",REOPEN,FIN,RELEASE,""CODE OK"",REOPEN,FIN,RELEASE,""CODE OK"",BILLED)",10,0.01003713740841112,Variant_115,18
"(NEW,FIN,RELEASE,""CODE NOK"")",10,0.01003713740841112,Variant_116,4
"(NEW,""CHANGE DIAGN"",FIN,RELEASE,""CODE OK"",BILLED,STORNO,""SET STATUS"")",10,0.01003713740841112,Variant_117,8
"(NEW,""CHANGE DIAGN"",""CHANGE DIAGN"",FIN,REOPEN,FIN,RELEASE,""CODE OK"",BILLED)",9,0.00903342366757001,Variant_118,9
"(NEW,""CHANGE DIAGN"",""CHANGE DIAGN"",FIN,RELEASE,""CODE NOK"",REOPEN,FIN,RELEASE,""CODE OK"",BILLED)",8,0.008029709926728896,Variant_119,11
"(NEW,FIN,RELEASE,""CODE OK"",BILLED,STORNO,REJECT,BILLED,""CODE OK"")",8,0.008029709926728896,Variant_120,9
"(NEW,FIN,RELEASE,""CODE NOK"",BILLED,STORNO,REJECT,REOPEN,FIN,RELEASE,""CODE NOK"",BILLED)",8,0.008029709926728896,Variant_121,12
"(NEW,NEW,""CHANGE DIAGN"",FIN,FIN,RELEASE,RELEASE,""CODE OK"",BILLED,BILLED,JOIN-PAT,JOIN-PAT,JOIN-PAT,JOIN-PAT)",8,0.008029709926728896,Variant_122,14
"(NEW,""CHANGE DIAGN"",""CHANGE DIAGN"",""CHANGE DIAGN"",DELETE)",8,0.008029709926728896,Variant_123,5
"(NEW,""CHANGE DIAGN"",FIN,RELEASE,""CODE OK"",BILLED,STORNO,REJECT,REOPEN,""CHANGE DIAGN"",FIN,RELEASE,""CODE OK"",BILLED)",8,0.008029709926728896,Variant_124,14
"(NEW,NEW,NEW,DELETE)",8,0.008029709926728896,Variant_125,4
"(NEW,""CHANGE DIAGN"",""CHANGE DIAGN"",FIN,RELEASE,""CODE OK"",BILLED,STORNO,REJECT,REOPEN,FIN,RELEASE,""CODE OK"",BILLED)",8,0.008029709926728896,Variant_126,14
"(NEW,""CHANGE DIAGN"",FIN,RELEASE,""CODE OK"",BILLED,STORNO,REJECT,REOPEN,FIN,RELEASE,""CODE OK"")",8,0.008029709926728896,Variant_127,12
"(NEW,FIN,RELEASE,""CODE NOK"",BILLED,STORNO,REJECT,REOPEN,DELETE)",8,0.008029709926728896,Variant_128,9
"(NEW,""CHANGE DIAGN"",FIN,REOPEN,FIN,REOPEN,FIN,RELEASE,""CODE OK"",BILLED)",7,0.007025996185887784,Variant_129,10
"(NEW,""CHANGE DIAGN"",FIN,RELEASE,""CODE OK"",REOPEN,""CODE OK"",FIN,RELEASE,""CODE OK"",BILLED)",7,0.007025996185887784,Variant_130,11
"(NEW,FIN,RELEASE,""CODE OK"",REOPEN,FIN,RELEASE,""CODE OK"",REOPEN,DELETE)",7,0.007025996185887784,Variant_131,10
"(NEW,FIN,RELEASE,BILLED,MANUAL)",7,0.007025996185887784,Variant_132,5
"(NEW,""CHANGE DIAGN"",FIN,RELEASE,""CODE NOK"",""CODE OK"",REOPEN,FIN,RELEASE,""CODE OK"",BILLED)",7,0.007025996185887784,Variant_133,11
"(NEW,""CHANGE DIAGN"",""CHANGE DIAGN"",FIN,RELEASE,""CODE NOK"",REOPEN,""CHANGE DIAGN"",FIN,RELEASE,""CODE OK"",BILLED)",7,0.007025996185887784,Variant_134,12
"(NEW,""CHANGE DIAGN"",""CHANGE DIAGN"",FIN,RELEASE,""CODE NOK"",""SET STATUS"")",7,0.007025996185887784,Variant_135,7
"(NEW,""CHANGE DIAGN"",""CHANGE DIAGN"",FIN,FIN,RELEASE,""CODE OK"",BILLED)",7,0.007025996185887784,Variant_136,8
"(NEW,""CHANGE DIAGN"",""SET STATUS"")",7,0.007025996185887784,Variant_137,3
"(NEW,FIN,RELEASE,""CODE NOK"",""CODE NOK"",EMPTY)",7,0.007025996185887784,Variant_138,6
"(NEW,FIN,RELEASE,""CODE OK"",REOPEN,""CHANGE DIAGN"",FIN,RELEASE,""CODE OK"",BILLED)",7,0.007025996185887784,Variant_139,10
"(NEW,FIN,RELEASE,""CODE OK"",BILLED,STORNO,BILLED,STORNO,REJECT,BILLED)",6,0.006022282445046673,Variant_140,10
"(NEW,NEW,NEW,NEW,DELETE)",6,0.006022282445046673,Variant_141,5
"(NEW,""CHANGE DIAGN"",FIN,RELEASE,""CODE OK"",BILLED,STORNO,REJECT,REOPEN,FIN,RELEASE,""CODE OK"",REOPEN,FIN,RELEASE,""CODE OK"",BILLED)",6,0.006022282445046673,Variant_142,17
"(NEW,""CHANGE DIAGN"",FIN,RELEASE,""CODE ERROR"",REOPEN,""CHANGE DIAGN"",FIN,RELEASE,""CODE NOK"",""CODE NOK"",""CODE OK"",BILLED)",6,0.006022282445046673,Variant_143,13
"(NEW,FIN,RELEASE,""CODE OK"",BILLED,STORNO,REJECT,""SET STATUS"")",6,0.006022282445046673,Variant_144,8
"(NEW,FIN,RELEASE,""CODE OK"",RELEASE,""CODE OK"",RELEASE,""CODE OK"",BILLED)",6,0.006022282445046673,Variant_145,9
"(NEW,""CHANGE DIAGN"",FIN,RELEASE,""CODE OK"",BILLED,STORNO,REJECT,REOPEN,FIN,RELEASE,""CODE OK"",BILLED,STORNO,REJECT,BILLED)",6,0.006022282445046673,Variant_146,16
"(NEW,FIN,RELEASE,""CODE OK"",BILLED,STORNO,REJECT,REOPEN,FIN,RELEASE,""CODE OK"",REOPEN,FIN,RELEASE,""CODE OK"",BILLED)",6,0.006022282445046673,Variant_147,16
"(NEW,""CHANGE DIAGN"",FIN,RELEASE,""CODE OK"",REOPEN,FIN,RELEASE,""CODE OK"",REOPEN,DELETE)",6,0.006022282445046673,Variant_148,11
"(NEW,FIN,RELEASE,""CODE OK"",BILLED,""CODE OK"",STORNO,REJECT,REOPEN,DELETE)",6,0.006022282445046673,Variant_149,10
"(NEW,FIN,RELEASE,""CODE OK"",BILLED,""CODE OK"",STORNO,REJECT,REOPEN,FIN,RELEASE,""CODE OK"",BILLED)",6,0.006022282445046673,Variant_150,13
"(NEW,FIN,RELEASE,FIN,RELEASE,""CODE NOK"",BILLED)",6,0.006022282445046673,Variant_151,7
"(NEW,FIN,RELEASE,""CODE OK"",""CODE OK"",BILLED,""CODE OK"")",6,0.006022282445046673,Variant_152,7
"(NEW,""CHANGE DIAGN"",FIN,RELEASE,""CODE OK"",REOPEN,FIN,REOPEN,FIN,RELEASE,""CODE OK"",BILLED)",6,0.006022282445046673,Variant_153,12
"(NEW,""CHANGE DIAGN"",""CHANGE DIAGN"",FIN,RELEASE,""CODE OK"",REOPEN,DELETE)",6,0.006022282445046673,Variant_154,8
"(NEW,""CHANGE DIAGN"",""CHANGE DIAGN"",FIN,RELEASE,""CODE OK"",BILLED,STORNO,BILLED,STORNO,BILLED)",6,0.006022282445046673,Variant_155,11
"(NEW,""CHANGE DIAGN"",FIN,RELEASE,REOPEN,FIN,RELEASE,""CODE OK"",REOPEN,FIN,RELEASE,""CODE OK"",BILLED)",6,0.006022282445046673,Variant_156,13
"(NEW,""CHANGE DIAGN"",""CHANGE DIAGN"",FIN,RELEASE,""CODE OK"",REOPEN,""CHANGE DIAGN"",FIN,RELEASE,""CODE OK"",BILLED)",5,0.00501856870420556,Variant_157,12
"(NEW,""CHANGE DIAGN"",""CHANGE DIAGN"",""CHANGE DIAGN"",FIN,RELEASE,""CODE OK"",REOPEN,FIN,RELEASE,""CODE OK"",BILLED)",5,0.00501856870420556,Variant_158,12
"(NEW,FIN,RELEASE,BILLED,STORNO,REJECT,BILLED)",5,0.00501856870420556,Variant_159,7
"(NEW,NEW,FIN,RELEASE,""CODE OK"",BILLED)",5,0.00501856870420556,Variant_160,6
"(NEW,""CHANGE END"",DELETE)",5,0.00501856870420556,Variant_161,3
"(NEW,FIN,RELEASE,""CODE OK"",REOPEN,FIN,RELEASE,""CODE OK"",BILLED,STORNO,REJECT,REOPEN,DELETE)",5,0.00501856870420556,Variant_162,13
"(NEW,""CHANGE DIAGN"",FIN,RELEASE,""CODE OK"",BILLED,STORNO,BILLED,STORNO,REJECT,BILLED,STORNO,REJECT,BILLED)",5,0.00501856870420556,Variant_163,14
"(NEW,FIN,RELEASE,REOPEN,FIN,RELEASE,REOPEN,FIN,RELEASE,""CODE OK"",BILLED)",5,0.00501856870420556,Variant_164,11
"(NEW,FIN,REOPEN,FIN,REOPEN,FIN,RELEASE,""CODE OK"",BILLED)",5,0.00501856870420556,Variant_165,9
"(NEW,FIN,RELEASE,""CODE OK"",BILLED,STORNO,REJECT,RELEASE,""CODE OK"",BILLED,STORNO,REJECT,RELEASE,""CODE OK"",BILLED)",5,0.00501856870420556,Variant_166,15
"(NEW,""CHANGE DIAGN"",FIN,RELEASE,REOPEN,FIN,REOPEN,FIN,RELEASE,""CODE OK"",BILLED)",5,0.00501856870420556,Variant_167,11
"(NEW,""CHANGE DIAGN"",FIN,RELEASE,""CODE OK"",BILLED,STORNO,REJECT,RELEASE,""CODE OK"",REOPEN,FIN,RELEASE,""CODE OK"",BILLED)",5,0.00501856870420556,Variant_168,15
"(NEW,FIN,RELEASE,""CODE NOK"",REOPEN,FIN,RELEASE,""CODE NOK"",REOPEN,DELETE)",5,0.00501856870420556,Variant_169,10
"(NEW,""CHANGE DIAGN"",FIN,RELEASE,""CODE NOK"",REOPEN,FIN,RELEASE,""CODE NOK"",""CODE OK"",BILLED)",5,0.00501856870420556,Variant_170,11
"(NEW,""CHANGE DIAGN"",FIN,RELEASE,""CODE OK"",BILLED,MANUAL,""CODE OK"",MANUAL)",5,0.00501856870420556,Variant_171,9
"(NEW,""CHANGE END"",FIN,RELEASE,""CODE OK"",BILLED)",5,0.00501856870420556,Variant_172,6
"(NEW,""CHANGE DIAGN"",FIN,RELEASE,""CODE NOK"",REOPEN,FIN,RELEASE,""CODE NOK"",REOPEN,FIN,RELEASE,""CODE OK"",BILLED)",5,0.00501856870420556,Variant_173,14
"(NEW,FIN,RELEASE,""CODE NOK"",EMPTY,DELETE)",4,0.004014854963364448,Variant_174,6
"(NEW,FIN,RELEASE,""CODE OK"",REOPEN,FIN,RELEASE,""CODE OK"",BILLED,STORNO,REJECT,BILLED)",4,0.004014854963364448,Variant_175,12
"(NEW,FIN,RELEASE,""CODE OK"",MANUAL,RELEASE,""CODE OK"",REOPEN,DELETE)",4,0.004014854963364448,Variant_176,9
"(NEW,FIN,RELEASE,""CODE OK"",REOPEN,FIN,REOPEN,FIN,RELEASE,""CODE OK"",BILLED)",4,0.004014854963364448,Variant_177,11
"(NEW,""CHANGE DIAGN"",FIN,RELEASE,""CODE OK"",REOPEN,FIN,RELEASE,""CODE OK"",BILLED,MANUAL,""CODE OK"",MANUAL)",4,0.004014854963364448,Variant_178,13
"(NEW,""CHANGE DIAGN"",""CHANGE DIAGN"",FIN,RELEASE,""CODE OK"",BILLED,STORNO,REJECT,RELEASE,""CODE OK"",BILLED)",4,0.004014854963364448,Variant_179,12
"(NEW,""CHANGE DIAGN"",FIN,RELEASE,""CODE ERROR"",REOPEN,""CHANGE DIAGN"",FIN,RELEASE,""CODE NOK"",""CODE NOK"",REOPEN,FIN,RELEASE,""CODE OK"",BILLED)",4,0.004014854963364448,Variant_180,16
"(NEW,FIN,RELEASE,""CODE OK"",BILLED,STORNO,REJECT,RELEASE,""CODE OK"",BILLED,STORNO,BILLED)",4,0.004014854963364448,Variant_181,12
"(NEW,""CHANGE DIAGN"",FIN,RELEASE,""CODE OK"",BILLED,STORNO,REJECT,BILLED,STORNO,REJECT,REOPEN,FIN,RELEASE,""CODE OK"",BILLED)",4,0.004014854963364448,Variant_182,16
"(NEW,FIN,RELEASE,""CODE OK"",BILLED,""CODE OK"",STORNO,REJECT,RELEASE,""CODE OK"",BILLED)",4,0.004014854963364448,Variant_183,11
"(NEW,NEW,NEW)",4,0.004014854963364448,Variant_184,3
"(NEW,""CHANGE DIAGN"",""CHANGE DIAGN"",FIN,RELEASE,""CODE OK"",REOPEN,FIN,RELEASE,""CODE OK"",REOPEN,FIN,RELEASE,""CODE OK"",BILLED)",4,0.004014854963364448,Variant_185,15
"(NEW,FIN,RELEASE,""CODE NOK"",REOPEN,""CHANGE DIAGN"",FIN,RELEASE,""CODE OK"",BILLED)",4,0.004014854963364448,Variant_186,10
"(NEW,""CHANGE DIAGN"",FIN,RELEASE,""CODE OK"",BILLED,STORNO,REJECT,MANUAL,RELEASE,""CODE OK"",BILLED)",4,0.004014854963364448,Variant_187,12
"(NEW,FIN,REOPEN,FIN,DELETE)",4,0.004014854963364448,Variant_188,5
"(NEW,""CHANGE DIAGN"",FIN,RELEASE,""CODE OK"",BILLED,STORNO,REJECT,RELEASE,""CODE OK"",BILLED,STORNO,BILLED)",4,0.004014854963364448,Variant_189,13
"(NEW,FIN,""SET STATUS"")",4,0.004014854963364448,Variant_190,3
"(NEW,FIN,RELEASE,BILLED,MANUAL,MANUAL)",4,0.004014854963364448,Variant_191,6
"(NEW,DELETE,JOIN-PAT)",4,0.004014854963364448,Variant_192,3
"(NEW,FIN,RELEASE,""CODE OK"",BILLED,STORNO,REJECT,MANUAL,RELEASE,""CODE OK"",BILLED)",4,0.004014854963364448,Variant_193,11
"(NEW,""CHANGE DIAGN"",""CHANGE END"",FIN,RELEASE,""CODE OK"",BILLED)",4,0.004014854963364448,Variant_194,7
"(NEW,""CHANGE DIAGN"",FIN,RELEASE,""CODE ERROR"",REOPEN,FIN,RELEASE,""CODE NOK"",""CODE NOK"",""CODE OK"",BILLED)",4,0.004014854963364448,Variant_195,12
"(NEW,FIN,RELEASE,""CODE NOK"",""CODE NOK"",""CODE OK"",BILLED)",4,0.004014854963364448,Variant_196,7
"(NEW,""CHANGE DIAGN"",FIN,RELEASE,""CODE OK"",BILLED,STORNO,BILLED,STORNO,BILLED,STORNO,REJECT,BILLED)",4,0.004014854963364448,Variant_197,13
"(NEW,""CHANGE DIAGN"",FIN,REOPEN,FIN,RELEASE,""CODE OK"",BILLED,""CODE OK"")",4,0.004014854963364448,Variant_198,9
"(NEW,FIN,RELEASE,""CODE OK"",""CODE OK"",REOPEN,DELETE)",4,0.004014854963364448,Variant_199,7
"(NEW,""CHANGE DIAGN"",FIN,RELEASE,""CODE OK"",REOPEN,FIN,RELEASE,""CODE OK"",BILLED,STORNO,REJECT,REOPEN,DELETE)",4,0.004014854963364448,Variant_200,14
"(NEW,FIN,RELEASE,MANUAL,MANUAL,BILLED)",4,0.004014854963364448,Variant_201,6
"(NEW,FIN,RELEASE,""CODE OK"",""CODE NOK"",""CODE OK"",""CODE OK"",BILLED)",4,0.004014854963364448,Variant_202,8
"(NEW,FIN,RELEASE,""CODE NOK"",""CODE OK"",REOPEN,FIN,RELEASE,""CODE OK"",BILLED)",3,0.0030111412225233363,Variant_203,10
"(NEW,FIN,REOPEN,FIN,RELEASE,""CODE OK"",BILLED,STORNO,REJECT,REOPEN,FIN,RELEASE,""CODE OK"",BILLED)",3,0.0030111412225233363,Variant_204,14
"(NEW,""CHANGE DIAGN"",FIN,REOPEN,FIN,RELEASE,""CODE OK"",REOPEN,FIN,RELEASE,""CODE OK"",BILLED)",3,0.0030111412225233363,Variant_205,12
"(NEW,FIN,RELEASE,""CODE OK"",BILLED,STORNO,REJECT,REOPEN,FIN,RELEASE,""CODE OK"",BILLED,STORNO,BILLED)",3,0.0030111412225233363,Variant_206,14
"(NEW,FIN,RELEASE,""CODE OK"",RELEASE,""CODE OK"",BILLED,""CODE OK"")",3,0.0030111412225233363,Variant_207,8
"(NEW,FIN,RELEASE,""CODE NOK"",REOPEN,FIN)",3,0.0030111412225233363,Variant_208,6
"(NEW,FIN,RELEASE,""CODE OK"",BILLED,STORNO,REJECT,REOPEN,FIN)",3,0.0030111412225233363,Variant_209,9
"(NEW,""CHANGE DIAGN"",FIN,RELEASE,""CODE NOK"",""CODE OK"",BILLED,STORNO,REJECT,REOPEN,FIN,RELEASE,""CODE OK"",BILLED)",3,0.0030111412225233363,Variant_210,14
"(NEW,FIN,REOPEN,FIN,REOPEN,FIN,RELEASE,""CODE OK"",REOPEN,FIN,RELEASE,""CODE OK"",BILLED)",3,0.0030111412225233363,Variant_211,13
"(NEW,""CHANGE DIAGN"",FIN,RELEASE,""CODE OK"",BILLED,STORNO,REJECT,REOPEN,""SET STATUS"")",3,0.0030111412225233363,Variant_212,10
"(NEW,""CHANGE DIAGN"",FIN,RELEASE,""CODE NOK"",REOPEN,FIN,RELEASE,""CODE NOK"",""SET STATUS"")",3,0.0030111412225233363,Variant_213,10
"(NEW,FIN,RELEASE,""CODE OK"",""SET STATUS"")",3,0.0030111412225233363,Variant_214,5
"(NEW,NEW,JOIN-PAT,JOIN-PAT,JOIN-PAT,JOIN-PAT,DELETE,DELETE)",3,0.0030111412225233363,Variant_215,8
"(NEW,""CHANGE DIAGN"",FIN,RELEASE,""CODE NOK"",""CODE NOK"",""CODE NOK"",""CODE OK"",BILLED)",3,0.0030111412225233363,Variant_216,9
"(NEW,""CHANGE DIAGN"",FIN,""SET STATUS"",RELEASE,""SET STATUS"")",3,0.0030111412225233363,Variant_217,6
"(NEW,""CHANGE DIAGN"",FIN,RELEASE,""CODE OK"",BILLED,STORNO,REJECT,REOPEN,FIN,REOPEN,FIN,RELEASE,""CODE OK"",BILLED)",3,0.0030111412225233363,Variant_218,15
"(NEW,FIN,RELEASE,""CODE OK"",BILLED,STORNO,BILLED,STORNO,BILLED)",3,0.0030111412225233363,Variant_219,9
"(NEW,FIN,RELEASE,""CODE OK"",BILLED,STORNO,REJECT,REOPEN,FIN,RELEASE,""CODE OK"",BILLED,STORNO,REJECT,REOPEN,DELETE)",3,0.0030111412225233363,Variant_220,16
"(NEW,NEW,JOIN-PAT,JOIN-PAT,JOIN-PAT,JOIN-PAT,FIN,FIN,RELEASE,RELEASE,""CODE OK"",BILLED,BILLED)",3,0.0030111412225233363,Variant_221,13
"(NEW,""CHANGE DIAGN"",FIN,RELEASE,""CODE OK"",RELEASE,""CODE OK"",MANUAL,RELEASE,""CODE OK"",REOPEN,FIN,RELEASE,""CODE OK"",BILLED)",3,0.0030111412225233363,Variant_222,15
"(NEW,""CHANGE DIAGN"",""CHANGE DIAGN"",FIN,RELEASE,""CODE OK"",BILLED,STORNO,REJECT,REOPEN,DELETE)",3,0.0030111412225233363,Variant_223,11
"(NEW,FIN,RELEASE,MANUAL,DELETE)",3,0.0030111412225233363,Variant_224,5
"(NEW,FIN,REOPEN,FIN,RELEASE,""CODE OK"",REOPEN,FIN,RELEASE,""CODE OK"",BILLED)",3,0.0030111412225233363,Variant_225,11
"(NEW,""CHANGE DIAGN"",FIN,RELEASE,""CODE OK"",DELETE)",3,0.0030111412225233363,Variant_226,6
"(NEW,""CHANGE DIAGN"",FIN,RELEASE,""CODE NOK"",""CODE NOK"",""SET STATUS"")",3,0.0030111412225233363,Variant_227,7
"(NEW,""CHANGE DIAGN"",FIN,RELEASE,""CODE NOK"",""CODE OK"",BILLED,""CODE OK"")",3,0.0030111412225233363,Variant_228,8
"(NEW,""CHANGE DIAGN"",""CHANGE DIAGN"",FIN)",3,0.0030111412225233363,Variant_229,4
"(NEW,FIN,""CODE OK"",RELEASE,""CODE OK"",BILLED)",3,0.0030111412225233363,Variant_230,6
"(NEW,""CHANGE DIAGN"",FIN,RELEASE,RELEASE,""CODE OK"",BILLED)",3,0.0030111412225233363,Variant_231,7
"(NEW,""CHANGE DIAGN"",FIN,RELEASE,""CODE ERROR"",REOPEN,FIN,RELEASE,""CODE NOK"",""CODE NOK"",""SET STATUS"")",3,0.0030111412225233363,Variant_232,11
"(NEW,NEW,NEW,NEW,NEW,DELETE)",3,0.0030111412225233363,Variant_233,6
"(NEW,FIN,RELEASE,BILLED,STORNO,BILLED)",3,0.0030111412225233363,Variant_234,6
"(NEW,NEW,FIN,FIN,RELEASE,RELEASE,""CODE OK"",BILLED,BILLED,JOIN-PAT,JOIN-PAT,JOIN-PAT,JOIN-PAT)",3,0.0030111412225233363,Variant_235,13
"(NEW,FIN,RELEASE,""CODE OK"",BILLED,""CODE OK"",MANUAL)",3,0.0030111412225233363,Variant_236,7
"(NEW,FIN,RELEASE,""CODE OK"",BILLED,STORNO,REJECT,RELEASE,""CODE OK"",REOPEN,FIN,RELEASE,""CODE OK"",BILLED)",3,0.0030111412225233363,Variant_237,14
"(NEW,FIN,RELEASE,""CODE OK"",BILLED,""CODE OK"",STORNO,REJECT,RELEASE,""CODE OK"",BILLED,""CODE OK"")",3,0.0030111412225233363,Variant_238,12
"(NEW,FIN,RELEASE,""CODE OK"",BILLED,STORNO,REJECT,REOPEN,FIN,RELEASE,""CODE OK"",REOPEN,DELETE)",3,0.0030111412225233363,Variant_239,13
"(NEW,FIN,RELEASE,BILLED,STORNO,REJECT,MANUAL,BILLED)",3,0.0030111412225233363,Variant_240,8
"(NEW,BILLED)",3,0.0030111412225233363,Variant_241,2
"(NEW,FIN,RELEASE,""CODE OK"",BILLED,MANUAL,""CODE OK"",MANUAL)",3,0.0030111412225233363,Variant_242,8
"(NEW,""CHANGE DIAGN"",FIN,RELEASE,""CODE OK"",REOPEN,FIN,RELEASE,""CODE OK"",REOPEN,FIN,RELEASE,""CODE OK"",REOPEN,FIN,RELEASE,""CODE OK"",REOPEN,FIN,RELEASE,""CODE OK"",BILLED)",3,0.0030111412225233363,Variant_243,22
"(NEW,FIN,RELEASE,""CODE OK"",""CODE OK"",BILLED,STORNO,BILLED)",3,0.0030111412225233363,Variant_244,8
"(NEW,""CHANGE DIAGN"",FIN,RELEASE,REOPEN,FIN,RELEASE,""CODE NOK"",""CODE OK"",BILLED)",3,0.0030111412225233363,Variant_245,10
"(NEW,""CHANGE DIAGN"",FIN,RELEASE,""CODE OK"",BILLED,""CODE OK"",STORNO,REJECT,REOPEN,FIN,RELEASE,""CODE OK"",BILLED)",3,0.0030111412225233363,Variant_246,14
"(NEW,FIN,RELEASE,""CODE OK"",RELEASE,""CODE OK"",DELETE)",3,0.0030111412225233363,Variant_247,7
"(NEW,FIN,RELEASE,""CODE ERROR"",BILLED,""CODE NOK"",""CODE NOK"",""CODE OK"")",3,0.0030111412225233363,Variant_248,8
"(NEW,NEW,NEW,NEW)",3,0.0030111412225233363,Variant_249,4
"(NEW,""CHANGE DIAGN"",FIN,RELEASE,""CODE NOK"",REOPEN,FIN,RELEASE,""CODE OK"",REOPEN,FIN,RELEASE,""CODE OK"",BILLED)",3,0.0030111412225233363,Variant_250,14
"(NEW,RELEASE,BILLED)",3,0.0030111412225233363,Variant_251,3
"(NEW,""CHANGE DIAGN"",FIN,RELEASE,""CODE OK"",REOPEN,FIN,DELETE)",3,0.0030111412225233363,Variant_252,8
"(NEW,""CHANGE DIAGN"",FIN,RELEASE,""CODE OK"",REOPEN,FIN,RELEASE,""CODE OK"",BILLED,STORNO,REJECT,RELEASE,""CODE OK"",REOPEN,FIN,RELEASE,""CODE OK"",BILLED)",3,0.0030111412225233363,Variant_253,19
"(NEW,FIN,RELEASE,""CODE NOK"",""CODE NOK"",DELETE)",3,0.0030111412225233363,Variant_254,6
"(NEW,""CHANGE DIAGN"",FIN,RELEASE,""CODE ERROR"",REOPEN,FIN,RELEASE,""CODE OK"",BILLED,STORNO,REJECT,REOPEN,FIN,RELEASE,""CODE NOK"",""SET STATUS"")",3,0.0030111412225233363,Variant_255,17
"(NEW,""CHANGE DIAGN"",FIN,RELEASE,""CODE OK"",RELEASE,""CODE OK"",BILLED,STORNO,REJECT,BILLED)",3,0.0030111412225233363,Variant_256,11
"(NEW,FIN,RELEASE,""CODE OK"",BILLED,STORNO,BILLED,STORNO,REJECT,REOPEN,DELETE)",3,0.0030111412225233363,Variant_257,11
"(NEW,""CHANGE DIAGN"",FIN,RELEASE,""CODE OK"",BILLED,STORNO,REJECT,BILLED,STORNO,BILLED)",3,0.0030111412225233363,Variant_258,11
"(NEW,""CHANGE DIAGN"",FIN,RELEASE,REOPEN,FIN,RELEASE,""CODE OK"",BILLED,STORNO,REJECT,BILLED)",3,0.0030111412225233363,Variant_259,12
"(NEW,FIN,RELEASE,""CODE NOK"",""CODE NOK"",REOPEN,DELETE)",3,0.0030111412225233363,Variant_260,7
"(NEW,FIN,REOPEN,""CHANGE DIAGN"",FIN,RELEASE,""CODE OK"",BILLED)",2,0.002007427481682224,Variant_261,8
"(NEW,""CHANGE DIAGN"",FIN,""SET STATUS"",""SET STATUS"",REOPEN,FIN,""SET STATUS"")",2,0.002007427481682224,Variant_262,8
"(NEW,""CHANGE DIAGN"",""CHANGE DIAGN"",FIN,RELEASE,""CODE OK"",""CODE OK"",BILLED)",2,0.002007427481682224,Variant_263,8
"(NEW,FIN,RELEASE,""CODE OK"",BILLED,STORNO,REJECT,""CODE OK"",REOPEN,FIN,RELEASE,""CODE OK"",BILLED)",2,0.002007427481682224,Variant_264,13
"(NEW,""CHANGE DIAGN"",FIN,RELEASE,""CODE OK"",BILLED,STORNO,BILLED,""CODE OK"")",2,0.002007427481682224,Variant_265,9
"(NEW,FIN,RELEASE,""CODE OK"",BILLED,STORNO,BILLED,""CODE OK"")",2,0.002007427481682224,Variant_266,8
"(NEW,FIN,RELEASE,""CODE NOK"",BILLED,STORNO,BILLED,STORNO,REOPEN,DELETE)",2,0.002007427481682224,Variant_267,10
"(NEW,""CHANGE DIAGN"",FIN,RELEASE,""CODE ERROR"",BILLED,STORNO,REJECT,REOPEN,""CHANGE DIAGN"",FIN,RELEASE,""CODE NOK"",""CODE NOK"",REOPEN,FIN,RELEASE,""CODE OK"",BILLED)",2,0.002007427481682224,Variant_268,19
"(NEW,FIN,RELEASE,""CODE NOK"",REOPEN,FIN,RELEASE,""CODE NOK"",REOPEN,FIN,RELEASE,""CODE NOK"",BILLED)",2,0.002007427481682224,Variant_269,13
"(NEW,FIN,RELEASE,""CODE ERROR"",BILLED,STORNO,REJECT,REOPEN,FIN,RELEASE,""CODE NOK"",EMPTY)",2,0.002007427481682224,Variant_270,12
"(NEW,FIN,MANUAL,BILLED)",2,0.002007427481682224,Variant_271,4
"(NEW,""CHANGE DIAGN"",FIN,RELEASE,""CODE OK"",BILLED,""CODE OK"",MANUAL)",2,0.002007427481682224,Variant_272,8
"(NEW,""CHANGE DIAGN"",FIN,RELEASE,""CODE OK"",BILLED,MANUAL,MANUAL)",2,0.002007427481682224,Variant_273,8
"(NEW,""CHANGE DIAGN"",FIN,REOPEN,FIN,RELEASE,""CODE NOK"",""CODE OK"",BILLED)",2,0.002007427481682224,Variant_274,9
"(NEW,FIN,RELEASE,""CODE OK"",BILLED,STORNO,REJECT,""SET STATUS"",RELEASE,""CODE OK"",REOPEN,DELETE)",2,0.002007427481682224,Variant_275,12
"(NEW,""CHANGE DIAGN"",""CHANGE DIAGN"",FIN,RELEASE,""CODE NOK"",REOPEN,""CHANGE DIAGN"",FIN,RELEASE,""CODE NOK"",""CODE OK"",BILLED)",2,0.002007427481682224,Variant_276,13
"(NEW,FIN,RELEASE,""CODE OK"",BILLED,STORNO,REJECT,REOPEN,FIN,RELEASE,""CODE OK"",BILLED,""CODE OK"")",2,0.002007427481682224,Variant_277,13
"(NEW,NEW,JOIN-PAT,JOIN-PAT,JOIN-PAT,JOIN-PAT,""CHANGE DIAGN"",FIN,FIN,RELEASE,RELEASE,""CODE OK"",BILLED,BILLED)",2,0.002007427481682224,Variant_278,14
"(NEW,""CHANGE DIAGN"",FIN,RELEASE,""CODE NOK"",REOPEN,""CODE NOK"",FIN,RELEASE,""CODE OK"",BILLED)",2,0.002007427481682224,Variant_279,11
"(NEW,FIN,RELEASE,BILLED,STORNO,REJECT,FIN,RELEASE,BILLED)",2,0.002007427481682224,Variant_280,9
"(NEW,FIN,RELEASE,REOPEN,FIN,RELEASE,""CODE OK"",BILLED,STORNO,REJECT,REOPEN,FIN,RELEASE,""CODE OK"",BILLED)",2,0.002007427481682224,Variant_281,15
"(NEW,""CHANGE DIAGN"",FIN,RELEASE,""CODE OK"",REOPEN,FIN,RELEASE,""CODE OK"",BILLED,MANUAL,MANUAL)",2,0.002007427481682224,Variant_282,12
"(NEW,FIN,RELEASE,""CODE OK"",REOPEN,FIN,RELEASE,""CODE OK"",BILLED,STORNO,BILLED)",2,0.002007427481682224,Variant_283,11
"(NEW,NEW,FIN,FIN,RELEASE,RELEASE,""CODE NOK"",JOIN-PAT,JOIN-PAT,JOIN-PAT,JOIN-PAT,BILLED,BILLED)",2,0.002007427481682224,Variant_284,13
"(NEW,""CHANGE DIAGN"",FIN,RELEASE,""CODE OK"",BILLED,""CODE OK"",BILLED)",2,0.002007427481682224,Variant_285,8
"(NEW,FIN,RELEASE,""CODE OK"",BILLED,STORNO,REJECT,""SET STATUS"",""SET STATUS"")",2,0.002007427481682224,Variant_286,9
"(NEW,FIN,REOPEN,FIN,RELEASE,""CODE OK"",BILLED,STORNO,REJECT,REOPEN,DELETE)",2,0.002007427481682224,Variant_287,11
"(NEW,""CHANGE DIAGN"",FIN,RELEASE,""CODE OK"",REOPEN,FIN,RELEASE,""CODE OK"")",2,0.002007427481682224,Variant_288,9
"(NEW,""CHANGE DIAGN"",FIN,RELEASE,""CODE NOK"",REOPEN,FIN,REOPEN,FIN,RELEASE,""CODE OK"",BILLED)",2,0.002007427481682224,Variant_289,12
"(NEW,FIN,RELEASE,""CODE OK"",""CODE OK"",BILLED,STORNO,REJECT,REOPEN,DELETE)",2,0.002007427481682224,Variant_290,10
"(NEW,FIN,RELEASE,REOPEN,FIN,RELEASE,DELETE)",2,0.002007427481682224,Variant_291,7
"(NEW,""CHANGE DIAGN"",FIN,RELEASE,""SET STATUS"",RELEASE,""CODE OK"",BILLED)",2,0.002007427481682224,Variant_292,8
"(NEW,""CHANGE DIAGN"",FIN,REOPEN,FIN,RELEASE,""SET STATUS"")",2,0.002007427481682224,Variant_293,7
"(NEW,""CHANGE DIAGN"",FIN,""CODE OK"",REOPEN,FIN,RELEASE,""CODE OK"",BILLED)",2,0.002007427481682224,Variant_294,9
"(NEW,FIN,RELEASE,""CODE NOK"",BILLED,STORNO,REJECT,RELEASE,""CODE NOK"",BILLED)",2,0.002007427481682224,Variant_295,10
"(NEW,FIN,RELEASE,""CODE OK"",BILLED,STORNO,BILLED,STORNO,REJECT,BILLED,""CODE OK"",""CODE OK"")",2,0.002007427481682224,Variant_296,12
"(NEW,""CHANGE DIAGN"",FIN,RELEASE,""CODE NOK"",REOPEN,FIN,RELEASE,""CODE OK"",BILLED,STORNO,REJECT,BILLED)",2,0.002007427481682224,Variant_297,13
"(NEW,FIN,RELEASE,""CODE OK"",""CODE OK"",REOPEN,FIN,RELEASE,""CODE OK"",BILLED)",2,0.002007427481682224,Variant_298,10
"(NEW,FIN,RELEASE,""CODE NOK"",BILLED,STORNO,REJECT,BILLED,STORNO,REJECT,REOPEN,DELETE)",2,0.002007427481682224,Variant_299,12
"(NEW,""CHANGE DIAGN"",FIN,RELEASE,""CODE OK"",BILLED,STORNO,REJECT)",2,0.002007427481682224,Variant_300,8
"(NEW,FIN,RELEASE,""CODE NOK"",REOPEN,FIN,RELEASE,EMPTY)",2,0.002007427481682224,Variant_301,8
"(NEW,""CHANGE DIAGN"",FIN,RELEASE,""CODE OK"",BILLED,STORNO,REJECT,BILLED,""CODE OK"")",2,0.002007427481682224,Variant_302,10
"(NEW,""CHANGE DIAGN"",""CHANGE DIAGN"",""CHANGE DIAGN"",FIN,RELEASE,REOPEN,FIN,RELEASE,""CODE OK"",BILLED)",2,0.002007427481682224,Variant_303,11
"(NEW,FIN,RELEASE,""CODE NOK"",""CODE NOK"",BILLED,STORNO,REJECT,BILLED)",2,0.002007427481682224,Variant_304,9
"(NEW,""CHANGE DIAGN"",""CHANGE DIAGN"",FIN,RELEASE,""CODE OK"",RELEASE,""CODE OK"",BILLED)",2,0.002007427481682224,Variant_305,9
"(NEW,""CHANGE DIAGN"",FIN,RELEASE,""CODE OK"",REOPEN,""CODE OK"",FIN,RELEASE,""CODE OK"",REOPEN,FIN,RELEASE,""CODE OK"",BILLED)",2,0.002007427481682224,Variant_306,15
"(NEW,FIN,REOPEN,FIN,REOPEN,""CHANGE END"",FIN,RELEASE,""CODE OK"",BILLED)",2,0.002007427481682224,Variant_307,10
"(NEW,""CHANGE DIAGN"",FIN,RELEASE,""CODE OK"",REOPEN,FIN,RELEASE,""CODE OK"",BILLED,STORNO,REJECT,RELEASE,""CODE OK"",BILLED)",2,0.002007427481682224,Variant_308,15
"(NEW,""CHANGE DIAGN"",""CHANGE DIAGN"",""CHANGE DIAGN"",""CHANGE DIAGN"",""CHANGE DIAGN"",FIN,RELEASE,""CODE OK"",BILLED)",2,0.002007427481682224,Variant_309,10
"(NEW,NEW,FIN,DELETE)",2,0.002007427481682224,Variant_310,4
"(NEW,NEW,NEW,FIN,RELEASE,""CODE OK"",BILLED)",2,0.002007427481682224,Variant_311,7
"(NEW,FIN,RELEASE,""CODE NOK"",""SET STATUS"",""CODE NOK"")",2,0.002007427481682224,Variant_312,6
"(NEW,""CHANGE DIAGN"",FIN,RELEASE,""CODE OK"",BILLED,STORNO,REJECT,BILLED,STORNO,REJECT,REOPEN,DELETE)",2,0.002007427481682224,Variant_313,13
"(NEW,FIN,RELEASE,REOPEN,FIN,RELEASE,BILLED)",2,0.002007427481682224,Variant_314,7
"(NEW,FIN,RELEASE,RELEASE,BILLED)",2,0.002007427481682224,Variant_315,5
"(NEW,FIN,RELEASE,""CODE OK"",BILLED,""CODE OK"",""CODE OK"",BILLED)",2,0.002007427481682224,Variant_316,8
"(NEW,""CODE OK"",FIN,RELEASE,""CODE OK"",BILLED)",2,0.002007427481682224,Variant_317,6
"(NEW,""CHANGE DIAGN"",FIN,RELEASE,""CODE NOK"",""SET STATUS"",""SET STATUS"",""SET STATUS"")",2,0.002007427481682224,Variant_318,8
"(NEW,""CHANGE DIAGN"",""CHANGE DIAGN"",FIN,RELEASE,""CODE OK"",BILLED,STORNO,BILLED,STORNO,BILLED,STORNO,REJECT,BILLED)",2,0.002007427481682224,Variant_319,14
"(NEW,FIN,RELEASE,""CODE OK"",BILLED,STORNO,REJECT,RELEASE,""CODE OK"",REOPEN,DELETE)",2,0.002007427481682224,Variant_320,11
"(NEW,FIN,RELEASE,REOPEN,FIN,RELEASE,""CODE NOK"",BILLED)",2,0.002007427481682224,Variant_321,8
"(NEW,FIN,RELEASE,""CODE OK"",BILLED,STORNO,REJECT,REOPEN,FIN,RELEASE,""CODE OK"",REOPEN,FIN,RELEASE,""CODE OK"",REOPEN,FIN,RELEASE,""CODE OK"",BILLED)",2,0.002007427481682224,Variant_322,20
"(NEW,""CHANGE DIAGN"",FIN,RELEASE,""CODE OK"",BILLED,STORNO,BILLED,STORNO,BILLED,STORNO,""SET STATUS"")",2,0.002007427481682224,Variant_323,12
"(NEW,""CHANGE DIAGN"",FIN,RELEASE,BILLED)",2,0.002007427481682224,Variant_324,5
"(NEW,""CHANGE DIAGN"",""CHANGE DIAGN"",FIN,RELEASE,""CODE OK"",REOPEN,FIN,RELEASE,""CODE OK"",REOPEN,FIN,RELEASE,""CODE OK"",REOPEN,FIN,RELEASE,""CODE OK"",BILLED)",2,0.002007427481682224,Variant_325,19
"(NEW,""CHANGE DIAGN"",FIN,RELEASE,""CODE OK"",REOPEN,FIN,RELEASE,""CODE OK"",REOPEN,""CHANGE DIAGN"",FIN,RELEASE,""CODE OK"",BILLED)",2,0.002007427481682224,Variant_326,15
"(NEW,""CHANGE DIAGN"",FIN,RELEASE,""CODE OK"",BILLED,STORNO,REOPEN,""CHANGE DIAGN"",FIN,RELEASE,""CODE OK"",BILLED)",2,0.002007427481682224,Variant_327,13
"(NEW,""CHANGE DIAGN"",FIN,REOPEN,FIN,RELEASE,""CODE OK"",BILLED,STORNO,REJECT,BILLED)",2,0.002007427481682224,Variant_328,11
"(NEW,FIN,RELEASE,""CODE NOK"",""CODE OK"",""CODE OK"",BILLED)",2,0.002007427481682224,Variant_329,7
"(NEW,""CHANGE DIAGN"",FIN,REOPEN,FIN,RELEASE,REOPEN,FIN,RELEASE,""CODE OK"",BILLED)",2,0.002007427481682224,Variant_330,11
"(NEW,""CHANGE DIAGN"",""CHANGE END"",DELETE)",2,0.002007427481682224,Variant_331,4
"(NEW,NEW,FIN)",2,0.002007427481682224,Variant_332,3
"(NEW,FIN,RELEASE,""CODE NOK"",""SET STATUS"",""SET STATUS"",""SET STATUS"")",2,0.002007427481682224,Variant_333,7
"(NEW,""CHANGE DIAGN"",DELETE,JOIN-PAT)",2,0.002007427481682224,Variant_334,4
"(NEW,FIN,RELEASE,REOPEN,FIN,RELEASE,""CODE OK"",REOPEN,FIN,RELEASE,""CODE OK"",REOPEN,FIN,RELEASE,""CODE OK"",BILLED)",2,0.002007427481682224,Variant_335,16
"(NEW,FIN,RELEASE,""CODE OK"",BILLED,STORNO,BILLED,STORNO,REJECT,BILLED,""CODE OK"")",2,0.002007427481682224,Variant_336,11
"(NEW,FIN,RELEASE,""CODE NOK"",MANUAL,BILLED)",2,0.002007427481682224,Variant_337,6
"(NEW,NEW,""CHANGE DIAGN"",JOIN-PAT,JOIN-PAT,JOIN-PAT,FIN,FIN,RELEASE,RELEASE,""CODE OK"",BILLED,BILLED)",2,0.002007427481682224,Variant_338,13
"(NEW,NEW,""CHANGE DIAGN"",FIN,FIN,RELEASE,RELEASE,""CODE OK"",BILLED,BILLED,STORNO,STORNO,JOIN-PAT,JOIN-PAT,JOIN-PAT,JOIN-PAT,REJECT,REJECT,BILLED,BILLED)",2,0.002007427481682224,Variant_339,20
"(NEW,FIN,REOPEN,FIN,RELEASE,""CODE OK"",BILLED,STORNO,BILLED)",2,0.002007427481682224,Variant_340,9
"(NEW,""CHANGE DIAGN"",""SET STATUS"",""SET STATUS"",FIN,RELEASE,""SET STATUS"")",2,0.002007427481682224,Variant_341,7
"(NEW,FIN,RELEASE,""CODE NOK"",""CODE NOK"",REOPEN,FIN,RELEASE,""CODE NOK"",BILLED)",2,0.002007427481682224,Variant_342,10
"(NEW,FIN,RELEASE,""CODE OK"",BILLED,STORNO,REJECT,REOPEN,FIN,RELEASE,""CODE OK"",BILLED,STORNO,REJECT,BILLED)",2,0.002007427481682224,Variant_343,15
"(NEW,""CHANGE DIAGN"",FIN,RELEASE,""CODE OK"",REOPEN,FIN,RELEASE,""CODE OK"",REOPEN,FIN,RELEASE,""CODE OK"",REOPEN,DELETE)",2,0.002007427481682224,Variant_344,15
"(NEW,""CHANGE DIAGN"",FIN,RELEASE,""CODE OK"",REOPEN,FIN,RELEASE,""CODE OK"",BILLED,STORNO,REJECT,BILLED,""CODE OK"")",2,0.002007427481682224,Variant_345,14
"(NEW,""CHANGE DIAGN"",FIN,RELEASE,""CODE OK"",BILLED,STORNO,REJECT,REOPEN,FIN,RELEASE,""CODE OK"",BILLED,STORNO,REJECT,RELEASE,""CODE OK"",BILLED)",2,0.002007427481682224,Variant_346,18
"(NEW,""CHANGE DIAGN"",""CHANGE DIAGN"",FIN,RELEASE,""CODE OK"",MANUAL,RELEASE,""CODE OK"",BILLED)",2,0.002007427481682224,Variant_347,10
"(NEW,FIN,RELEASE,""CODE OK"",MANUAL,RELEASE,""CODE OK"",REOPEN,FIN,RELEASE,""CODE OK"",BILLED)",2,0.002007427481682224,Variant_348,12
"(NEW,FIN,RELEASE,""CODE OK"",REOPEN,FIN,RELEASE,""CODE OK"",MANUAL,RELEASE,""CODE OK"",BILLED)",2,0.002007427481682224,Variant_349,12
"(NEW,""CHANGE DIAGN"",FIN,RELEASE,""CODE OK"",REOPEN,""CHANGE DIAGN"",FIN,RELEASE,""CODE OK"",REOPEN,FIN,RELEASE,""CODE OK"",BILLED)",2,0.002007427481682224,Variant_350,15
"(NEW,FIN,RELEASE,BILLED,STORNO,MANUAL,BILLED)",2,0.002007427481682224,Variant_351,7
"(NEW,FIN,RELEASE,FIN,RELEASE,FIN,RELEASE,BILLED)",2,0.002007427481682224,Variant_352,8
"(NEW,FIN,RELEASE,REOPEN,FIN,RELEASE,REOPEN,FIN,RELEASE,BILLED)",2,0.002007427481682224,Variant_353,10
"(NEW,""CHANGE DIAGN"",""CHANGE DIAGN"",FIN,RELEASE,""CODE OK"",BILLED,STORNO,REJECT,BILLED,STORNO,REJECT,BILLED)",2,0.002007427481682224,Variant_354,13
"(NEW,FIN,RELEASE,""CODE NOK"",""CODE OK"",BILLED,STORNO,BILLED)",2,0.002007427481682224,Variant_355,8
"(NEW,""CHANGE DIAGN"",""CHANGE DIAGN"",FIN,RELEASE,""CODE OK"",BILLED,MANUAL,""CODE OK"",MANUAL)",2,0.002007427481682224,Variant_356,10
"(NEW,""CHANGE DIAGN"",FIN,RELEASE,""SET STATUS"",""SET STATUS"")",2,0.002007427481682224,Variant_357,6
"(NEW,""CHANGE DIAGN"",""CHANGE DIAGN"",FIN,RELEASE,""CODE OK"",BILLED,STORNO,REJECT,REOPEN,FIN,RELEASE,""CODE OK"",REOPEN,FIN,RELEASE,""CODE OK"",BILLED)",2,0.002007427481682224,Variant_358,18
"(NEW,""CHANGE DIAGN"",FIN,RELEASE,""CODE NOK"",""CODE OK"",BILLED,STORNO,BILLED)",2,0.002007427481682224,Variant_359,9
"(NEW,""CHANGE DIAGN"",FIN,RELEASE,""CODE OK"",BILLED,MANUAL,""CODE OK"",BILLED)",2,0.002007427481682224,Variant_360,9
"(NEW,""CHANGE DIAGN"",FIN,RELEASE,""CODE NOK"",""CODE NOK"",DELETE)",2,0.002007427481682224,Variant_361,7
"(NEW,NEW,NEW,NEW,FIN,DELETE)",2,0.002007427481682224,Variant_362,6
"(NEW,FIN,RELEASE,""CODE NOK"",REOPEN,FIN,RELEASE,""CODE NOK"",REOPEN,FIN,RELEASE,""CODE OK"",BILLED)",2,0.002007427481682224,Variant_363,13
"(NEW,""CHANGE DIAGN"",""CHANGE DIAGN"",""CHANGE DIAGN"",FIN,REOPEN,FIN,RELEASE,""CODE OK"",BILLED)",2,0.002007427481682224,Variant_364,10
"(NEW,FIN,RELEASE,""CODE OK"",BILLED,STORNO,REJECT,REOPEN,FIN,RELEASE,""CODE OK"",BILLED,STORNO,REJECT,REOPEN,FIN,RELEASE,""CODE OK"",BILLED)",2,0.002007427481682224,Variant_365,19
"(NEW,FIN,RELEASE,""CODE OK"",BILLED,STORNO,REJECT,BILLED,STORNO,REJECT,RELEASE,""CODE OK"",BILLED)",2,0.002007427481682224,Variant_366,13
"(NEW,""CHANGE DIAGN"",FIN,RELEASE,""CODE ERROR"",REOPEN,FIN,RELEASE,""CODE NOK"",""CODE NOK"",REOPEN,FIN,RELEASE,""CODE OK"",BILLED)",2,0.002007427481682224,Variant_367,15
"(NEW,""CHANGE DIAGN"",""CHANGE DIAGN"",FIN,DELETE)",2,0.002007427481682224,Variant_368,5
"(NEW,FIN,RELEASE,""CODE OK"",REOPEN,FIN,RELEASE,""CODE OK"",BILLED,""CODE OK"")",2,0.002007427481682224,Variant_369,10
"(NEW,""CHANGE DIAGN"",FIN,RELEASE,""CODE NOK"",""CODE NOK"",""CODE NOK"",""CODE NOK"",""CODE OK"",BILLED)",2,0.002007427481682224,Variant_370,10
"(NEW,FIN,RELEASE,""CODE NOK"",""SET STATUS"",""CODE NOK"",""SET STATUS"")",2,0.002007427481682224,Variant_371,7
"(NEW,FIN,RELEASE,""CODE NOK"",""CODE NOK"",REOPEN,FIN,RELEASE,""CODE OK"",BILLED)",2,0.002007427481682224,Variant_372,10
"(NEW,FIN,REOPEN,FIN,RELEASE)",2,0.002007427481682224,Variant_373,5
"(NEW,NEW,""CHANGE DIAGN"",""CHANGE DIAGN"",JOIN-PAT,JOIN-PAT,JOIN-PAT,JOIN-PAT,FIN,FIN,RELEASE,RELEASE,""CODE OK"",BILLED,BILLED)",2,0.002007427481682224,Variant_374,15
"(NEW,""CHANGE DIAGN"",FIN,RELEASE,""CODE NOK"",""CODE NOK"",REOPEN,FIN,RELEASE,""CODE OK"",BILLED,STORNO,REJECT,BILLED)",2,0.002007427481682224,Variant_375,14
"(NEW,FIN,RELEASE,""CODE NOK"",BILLED,STORNO,REOPEN,FIN,RELEASE,""CODE NOK"",BILLED)",2,0.002007427481682224,Variant_376,11
"(NEW,""CHANGE DIAGN"",FIN,RELEASE,""CODE OK"",REOPEN,""CHANGE DIAGN"",DELETE)",2,0.002007427481682224,Variant_377,8
"(NEW,FIN,RELEASE,""CODE NOK"",FIN,RELEASE,""CODE NOK"",BILLED)",2,0.002007427481682224,Variant_378,8
"(NEW,FIN,REOPEN,FIN,REOPEN,DELETE)",2,0.002007427481682224,Variant_379,6
"(NEW,""CHANGE DIAGN"",FIN,RELEASE,""CODE ERROR"",REOPEN,FIN,RELEASE,""CODE NOK"",""CODE NOK"",""CODE OK"",BILLED,STORNO,BILLED)",1,0.001003713740841112,Variant_380,14
"(NEW,""CHANGE DIAGN"",FIN,REOPEN,FIN,REOPEN,FIN,RELEASE,""CODE OK"",BILLED,STORNO,REJECT,BILLED)",1,0.001003713740841112,Variant_381,13
"(NEW,""CHANGE DIAGN"",FIN,""CODE OK"",REOPEN,FIN,RELEASE,""CODE OK"",REOPEN,FIN,RELEASE,""CODE OK"",BILLED)",1,0.001003713740841112,Variant_382,13
"(NEW,""CHANGE DIAGN"",""CHANGE DIAGN"",FIN,REOPEN,""CHANGE DIAGN"",FIN,RELEASE,""CODE OK"",REOPEN,FIN,RELEASE,""CODE OK"",BILLED)",1,0.001003713740841112,Variant_383,14
"(NEW,FIN,RELEASE,REOPEN,FIN,RELEASE,""CODE NOK"",""SET STATUS"")",1,0.001003713740841112,Variant_384,8
"(NEW,FIN,REOPEN,FIN,RELEASE,EMPTY)",1,0.001003713740841112,Variant_385,6
"(NEW,""CHANGE DIAGN"",FIN,RELEASE,""CODE OK"",BILLED,STORNO,REJECT,BILLED,STORNO,REJECT,BILLED,STORNO,REJECT,BILLED,STORNO,REJECT,BILLED,STORNO,REJECT,BILLED)",1,0.001003713740841112,Variant_386,21
"(NEW,FIN,RELEASE,""CODE NOK"",REOPEN,FIN,RELEASE,""CODE NOK"",DELETE)",1,0.001003713740841112,Variant_387,9
"(NEW,""CHANGE DIAGN"",""SET STATUS"",""SET STATUS"",RELEASE,REOPEN,FIN,""SET STATUS"")",1,0.001003713740841112,Variant_388,8
"(NEW,""CHANGE DIAGN"",FIN,REOPEN,FIN,RELEASE,""CODE OK"",BILLED,STORNO,BILLED)",1,0.001003713740841112,Variant_389,10
"(NEW,""CHANGE DIAGN"",FIN,RELEASE,REOPEN,""CHANGE DIAGN"",FIN,RELEASE,""CODE NOK"",""CODE NOK"",REOPEN,FIN,RELEASE,""CODE OK"",BILLED)",1,0.001003713740841112,Variant_390,15
"(NEW,""CHANGE DIAGN"",FIN,RELEASE,""CODE ERROR"",BILLED,STORNO,REJECT,REOPEN,""CHANGE DIAGN"",FIN,RELEASE,""CODE NOK"",""CODE NOK"",""CODE OK"",BILLED)",1,0.001003713740841112,Variant_391,16
"(NEW,""CHANGE DIAGN"",""CHANGE DIAGN"",FIN,RELEASE,""CODE OK"",""CHANGE DIAGN"",FIN,RELEASE,""CODE OK"",BILLED)",1,0.001003713740841112,Variant_392,11
"(NEW,FIN,RELEASE,""CODE OK"",BILLED,STORNO,REJECT,REOPEN,FIN,RELEASE,""CODE OK"",REOPEN,""CHANGE DIAGN"",DELETE)",1,0.001003713740841112,Variant_393,14
"(NEW,""CHANGE DIAGN"",FIN,RELEASE,""CODE OK"",""SET STATUS"",""SET STATUS"",REOPEN,FIN,RELEASE,""CODE OK"",BILLED)",1,0.001003713740841112,Variant_394,12
"(NEW,""CHANGE DIAGN"",FIN,RELEASE,""CODE OK"",REOPEN,FIN,RELEASE,""CODE OK"",BILLED,STORNO,REOPEN,FIN,RELEASE,""CODE OK"",BILLED,STORNO,REJECT,BILLED)",1,0.001003713740841112,Variant_395,19
"(NEW,FIN,RELEASE,REOPEN,FIN,RELEASE,REOPEN,DELETE)",1,0.001003713740841112,Variant_396,8
"(NEW,""CHANGE DIAGN"",FIN,RELEASE,""CODE OK"",BILLED,STORNO,REOPEN,DELETE)",1,0.001003713740841112,Variant_397,9
"(NEW,""CHANGE DIAGN"",FIN,RELEASE,""CODE OK"",REOPEN,FIN,""CODE OK"",REOPEN,FIN,RELEASE,""CODE OK"",BILLED,STORNO,BILLED)",1,0.001003713740841112,Variant_398,15
"(NEW,""CHANGE DIAGN"",FIN,RELEASE,REOPEN,FIN,RELEASE,""CODE NOK"",""CODE ERROR"",REOPEN,FIN,RELEASE,""CODE NOK"",""CODE OK"",BILLED,STORNO,BILLED)",1,0.001003713740841112,Variant_399,17
"(NEW,NEW,NEW,NEW,NEW,NEW,NEW)",1,0.001003713740841112,Variant_400,7
"(NEW,""CHANGE DIAGN"",FIN,RELEASE,""CODE OK"",BILLED,STORNO,REJECT,REOPEN,FIN,RELEASE,""CODE OK"",REOPEN,FIN,REOPEN,FIN,RELEASE,""CODE OK"",BILLED)",1,0.001003713740841112,Variant_401,19
"(NEW,FIN,RELEASE,REOPEN,""CHANGE DIAGN"",FIN,RELEASE,""CODE OK"",BILLED)",1,0.001003713740841112,Variant_402,9
"(NEW,""CHANGE DIAGN"",FIN,RELEASE,""CODE NOK"",""CODE NOK"",""CODE NOK"",REOPEN,FIN,RELEASE,""CODE OK"",BILLED)",1,0.001003713740841112,Variant_403,12
"(NEW,FIN,RELEASE,REOPEN,FIN,RELEASE,""CODE OK"",BILLED,STORNO,REJECT,REOPEN,FIN,RELEASE,""CODE OK"",REOPEN,FIN,RELEASE,""CODE OK"",REOPEN,FIN,RELEASE,""CODE OK"",BILLED)",1,0.001003713740841112,Variant_404,23
"(NEW,MANUAL,FIN,RELEASE,BILLED)",1,0.001003713740841112,Variant_405,5
"(NEW,""CHANGE DIAGN"",FIN,RELEASE,""CODE OK"",BILLED,STORNO,REJECT,""CHANGE END"",FIN,RELEASE,""CODE OK"",BILLED,STORNO,BILLED)",1,0.001003713740841112,Variant_406,15
"(NEW,FIN,RELEASE,""CODE OK"",BILLED,""CODE OK"",STORNO,REJECT,BILLED,STORNO,REJECT,REOPEN,DELETE)",1,0.001003713740841112,Variant_407,13
"(NEW,FIN,REOPEN,FIN,RELEASE,""CODE OK"",""CODE OK"",BILLED)",1,0.001003713740841112,Variant_408,8
"(NEW,FIN,RELEASE,""CODE OK"",BILLED,STORNO,REJECT,RELEASE,""CODE OK"",REOPEN,FIN,REOPEN,DELETE)",1,0.001003713740841112,Variant_409,13
"(NEW,""CHANGE DIAGN"",FIN,RELEASE,""CODE OK"",""CODE OK"",REOPEN,FIN,RELEASE,""CODE OK"",REOPEN,FIN,RELEASE,""CODE OK"",""CODE OK"",REOPEN,FIN,RELEASE,""CODE OK"",BILLED)",1,0.001003713740841112,Variant_410,20
"(NEW,FIN,RELEASE,MANUAL,""CODE NOK"",BILLED)",1,0.001003713740841112,Variant_411,6
"(NEW,""CHANGE DIAGN"",""CHANGE DIAGN"",FIN,RELEASE,""CODE OK"",BILLED,STORNO,REJECT,REOPEN,FIN,RELEASE,""CODE OK"")",1,0.001003713740841112,Variant_412,13
"(NEW,""CHANGE DIAGN"",""CHANGE DIAGN"",""CHANGE DIAGN"",""CHANGE DIAGN"",DELETE)",1,0.001003713740841112,Variant_413,6
"(NEW,FIN,RELEASE,MANUAL,BILLED,MANUAL,BILLED)",1,0.001003713740841112,Variant_414,7
"(NEW,MANUAL,FIN,RELEASE,MANUAL,FIN,RELEASE,MANUAL,""CODE NOK"",BILLED)",1,0.001003713740841112,Variant_415,10
"(NEW,FIN,RELEASE,MANUAL,BILLED,MANUAL,MANUAL)",1,0.001003713740841112,Variant_416,7
"(NEW,""CHANGE DIAGN"",FIN,RELEASE,""CODE OK"",BILLED,STORNO,REJECT,REOPEN,FIN,RELEASE,""CODE OK"",REOPEN,FIN,RELEASE,""CODE OK"",BILLED,STORNO,BILLED)",1,0.001003713740841112,Variant_417,19
"(NEW,""CHANGE DIAGN"",FIN,RELEASE,""CODE OK"",BILLED,STORNO,REJECT,""SET STATUS"",RELEASE,""SET STATUS"")",1,0.001003713740841112,Variant_418,11
"(NEW,FIN,RELEASE,""CODE OK"",REOPEN,FIN,RELEASE,""CODE OK"",""CODE OK"")",1,0.001003713740841112,Variant_419,9
"(NEW,""CHANGE DIAGN"",""CHANGE DIAGN"",FIN,RELEASE,""CODE OK"",REOPEN,FIN,RELEASE,""CODE OK"",BILLED,STORNO,REJECT,REOPEN,FIN,RELEASE,""CODE OK"",BILLED)",1,0.001003713740841112,Variant_420,18
"(NEW,""CHANGE DIAGN"",FIN,RELEASE,REOPEN,FIN,REOPEN,""CHANGE DIAGN"",FIN,REOPEN,FIN,REOPEN,FIN,RELEASE,""CODE OK"",BILLED,STORNO,BILLED)",1,0.001003713740841112,Variant_421,18
"(NEW,""CHANGE DIAGN"",FIN,RELEASE,REOPEN,FIN,REOPEN,FIN,REOPEN,FIN,RELEASE,""CODE OK"",BILLED)",1,0.001003713740841112,Variant_422,13
"(NEW,""CHANGE DIAGN"",FIN,RELEASE,""CODE OK"",BILLED,STORNO,REJECT,REOPEN,""CHANGE DIAGN"",FIN,RELEASE,""CODE OK"",BILLED,STORNO,BILLED)",1,0.001003713740841112,Variant_423,16
"(NEW,FIN,REOPEN,FIN,REOPEN,FIN,RELEASE,""CODE OK"",BILLED,STORNO,REJECT,REOPEN,FIN,RELEASE,""CODE OK"",BILLED,STORNO,BILLED)",1,0.001003713740841112,Variant_424,18
"(NEW,NEW,""CHANGE DIAGN"",""CHANGE DIAGN"",JOIN-PAT,JOIN-PAT,JOIN-PAT,JOIN-PAT,""CHANGE DIAGN"",FIN,FIN,RELEASE,RELEASE,""CODE OK"",BILLED,BILLED)",1,0.001003713740841112,Variant_425,16
"(NEW,FIN,RELEASE,""CODE NOK"",REOPEN,FIN,RELEASE,""CODE NOK"",REOPEN,FIN,RELEASE,""CODE NOK"",REOPEN,FIN,RELEASE,""CODE NOK"",BILLED)",1,0.001003713740841112,Variant_426,17
"(NEW,FIN,RELEASE,REOPEN,FIN,RELEASE,FIN,RELEASE,BILLED)",1,0.001003713740841112,Variant_427,9
"(NEW,FIN,RELEASE,""CODE OK"",""CODE OK"",STORNO,REJECT,""CODE OK"",RELEASE,""CODE OK"",BILLED)",1,0.001003713740841112,Variant_428,11
"(NEW,FIN,RELEASE,""CODE ERROR"",REOPEN,FIN,RELEASE,""CODE NOK"",""CODE NOK"",""CODE NOK"",EMPTY)",1,0.001003713740841112,Variant_429,11
"(NEW,""CHANGE DIAGN"",""CHANGE DIAGN"",FIN,RELEASE,DELETE)",1,0.001003713740841112,Variant_430,6
"(NEW,""CHANGE DIAGN"",FIN,RELEASE,""CODE NOK"",REOPEN,FIN,DELETE)",1,0.001003713740841112,Variant_431,8
"(NEW,FIN,RELEASE,""CODE OK"",REOPEN,FIN,RELEASE,""CODE OK"")",1,0.001003713740841112,Variant_432,8
"(NEW,NEW,""CHANGE DIAGN"",""CHANGE DIAGN"",FIN,FIN,RELEASE,RELEASE,""CODE OK"",BILLED,BILLED,STORNO,STORNO,REJECT,REJECT,JOIN-PAT,JOIN-PAT,JOIN-PAT,JOIN-PAT,BILLED,BILLED)",1,0.001003713740841112,Variant_433,21
"(NEW,FIN,REOPEN,FIN,RELEASE,""CODE NOK"",EMPTY)",1,0.001003713740841112,Variant_434,7
"(NEW,""CHANGE DIAGN"",FIN,RELEASE,""CODE OK"",BILLED,STORNO,REJECT,REOPEN,FIN,RELEASE,""CODE OK"",BILLED,STORNO,REJECT,REOPEN,DELETE)",1,0.001003713740841112,Variant_435,17
"(NEW,FIN,RELEASE,""CODE ERROR"",BILLED,""CODE NOK"",""CODE OK"")",1,0.001003713740841112,Variant_436,7
"(NEW,""CHANGE DIAGN"",FIN,RELEASE,REOPEN,FIN,RELEASE,""CODE NOK"",REOPEN,FIN,RELEASE,""CODE NOK"",""SET STATUS"")",1,0.001003713740841112,Variant_437,13
"(NEW,FIN,RELEASE,REOPEN,FIN,RELEASE,""CODE OK"",REOPEN,FIN,RELEASE,""CODE OK"",BILLED,STORNO,REJECT,REOPEN,FIN,RELEASE,""CODE OK"",BILLED)",1,0.001003713740841112,Variant_438,19
"(NEW,""CHANGE DIAGN"",FIN,RELEASE,""CODE OK"",REOPEN,FIN,RELEASE,""SET STATUS"")",1,0.001003713740841112,Variant_439,9
"(NEW,""CHANGE DIAGN"",FIN,RELEASE,REOPEN,FIN,RELEASE,""CODE OK"",REOPEN,DELETE)",1,0.001003713740841112,Variant_440,10
"(NEW,""CHANGE DIAGN"",FIN,REOPEN,FIN,DELETE)",1,0.001003713740841112,Variant_441,6
"(NEW,""CHANGE DIAGN"",FIN,RELEASE,""CODE OK"",""CODE OK"",REOPEN,FIN,RELEASE,""CODE OK"",REOPEN,FIN,RELEASE,""CODE OK"",BILLED)",1,0.001003713740841112,Variant_442,15
"(NEW,FIN,RELEASE,""CODE NOK"",REOPEN,FIN,RELEASE,""CODE OK"",BILLED,STORNO,BILLED)",1,0.001003713740841112,Variant_443,11
"(NEW,""CHANGE DIAGN"",""CODE OK"",FIN,RELEASE,""CODE OK"",REOPEN,""CODE OK"",FIN,RELEASE,""CODE OK"",BILLED)",1,0.001003713740841112,Variant_444,12
"(NEW,FIN,RELEASE,""CODE NOK"",BILLED,STORNO,REJECT,BILLED,STORNO,BILLED)",1,0.001003713740841112,Variant_445,10
"(NEW,""CHANGE DIAGN"",""CHANGE DIAGN"",FIN,RELEASE,""CODE NOK"",REOPEN,""CHANGE DIAGN"",FIN,""CODE OK"",RELEASE,REOPEN,FIN,RELEASE,""CODE OK"",BILLED)",1,0.001003713740841112,Variant_446,16
"(NEW,FIN,RELEASE,""CODE NOK"",BILLED,STORNO,MANUAL,FIN,RELEASE,""CODE NOK"",BILLED,STORNO,REJECT,BILLED)",1,0.001003713740841112,Variant_447,14
"(NEW,""CHANGE DIAGN"",FIN,RELEASE,""CODE ERROR"",REOPEN,""CHANGE DIAGN"",FIN,RELEASE,""CODE NOK"",""CODE NOK"",""SET STATUS"")",1,0.001003713740841112,Variant_448,12
"(NEW,""CHANGE DIAGN"",""CHANGE DIAGN"",FIN,RELEASE,""CODE NOK"",""CODE NOK"",""SET STATUS"")",1,0.001003713740841112,Variant_449,8
"(NEW,""CHANGE DIAGN"",""CHANGE DIAGN"",FIN,RELEASE,REOPEN,DELETE)",1,0.001003713740841112,Variant_450,7
"(NEW,FIN,RELEASE,REOPEN,FIN,RELEASE,EMPTY,DELETE)",1,0.001003713740841112,Variant_451,8
"(NEW,FIN,RELEASE,""CODE OK"",EMPTY)",1,0.001003713740841112,Variant_452,5
"(NEW,""CHANGE DIAGN"",""CHANGE DIAGN"",""SET STATUS"")",1,0.001003713740841112,Variant_453,4
"(NEW,""CHANGE DIAGN"",FIN,REOPEN,FIN,REOPEN,FIN,REOPEN,FIN,REOPEN,FIN,REOPEN,FIN,REOPEN,FIN,REOPEN,FIN,RELEASE,""CODE OK"",BILLED)",1,0.001003713740841112,Variant_454,20
"(NEW,""CHANGE DIAGN"",""CHANGE DIAGN"",FIN,REOPEN,FIN)",1,0.001003713740841112,Variant_455,6
"(NEW,""CHANGE DIAGN"",""CHANGE DIAGN"",FIN,RELEASE,""CODE NOK"",""CHANGE END"",FIN,RELEASE,""CODE NOK"",""CHANGE END"",FIN,RELEASE,""CODE NOK"",""CHANGE END"",DELETE)",1,0.001003713740841112,Variant_456,16
"(NEW,FIN,RELEASE,""CODE NOK"",REOPEN,FIN,RELEASE,""CODE NOK"",EMPTY)",1,0.001003713740841112,Variant_457,9
"(NEW,FIN,RELEASE,""CODE OK"",BILLED,MANUAL,BILLED)",1,0.001003713740841112,Variant_458,7
"(NEW,""CHANGE DIAGN"",FIN,RELEASE,""CODE NOK"",REOPEN,FIN,RELEASE,""CODE NOK"",REOPEN,FIN,RELEASE,""CODE NOK"",""CODE OK"",BILLED)",1,0.001003713740841112,Variant_459,15
"(NEW,FIN,RELEASE,REOPEN,FIN,DELETE)",1,0.001003713740841112,Variant_460,6
"(NEW,""CHANGE DIAGN"",FIN,RELEASE,""CODE NOK"",REOPEN,""CODE ERROR"",FIN,RELEASE,""CODE NOK"",""CODE NOK"",REOPEN,DELETE)",1,0.001003713740841112,Variant_461,13
"(NEW,""CHANGE DIAGN"",FIN,REOPEN,""CHANGE DIAGN"",FIN,REOPEN,FIN,RELEASE,""CODE OK"",BILLED)",1,0.001003713740841112,Variant_462,11
"(NEW,""CHANGE DIAGN"",FIN,""CODE NOK"",RELEASE,""CODE OK"",BILLED)",1,0.001003713740841112,Variant_463,7
"(NEW,FIN,RELEASE,""CODE NOK"",""CODE NOK"",REOPEN,FIN,RELEASE,""CODE OK"",REOPEN,FIN,RELEASE,""CODE OK"",BILLED)",1,0.001003713740841112,Variant_464,14
"(NEW,""CHANGE DIAGN"",FIN,RELEASE,""CODE OK"",BILLED,STORNO,REJECT,REOPEN,FIN,RELEASE,""CODE OK"",REOPEN,""CODE OK"",FIN,RELEASE,BILLED)",1,0.001003713740841112,Variant_465,17
"(NEW,FIN,""CODE NOK"",RELEASE,""CODE OK"",BILLED,STORNO,REJECT,RELEASE,""CODE OK"",BILLED,STORNO,REJECT,BILLED)",1,0.001003713740841112,Variant_466,14
"(NEW,FIN,RELEASE,""CODE ERROR"",""CODE OK"",""CODE NOK"",""CODE OK"",""CODE OK"",BILLED)",1,0.001003713740841112,Variant_467,9
"(NEW,""CHANGE DIAGN"",""CHANGE DIAGN"",""CHANGE DIAGN"",FIN,RELEASE,""CODE NOK"",""CODE OK"",BILLED)",1,0.001003713740841112,Variant_468,9
"(NEW,FIN,RELEASE,""CODE OK"",""CODE OK"",STORNO,REJECT)",1,0.001003713740841112,Variant_469,7
"(NEW,""CHANGE DIAGN"",FIN,RELEASE,""CODE OK"",REOPEN,FIN,""CODE OK"",RELEASE,BILLED,STORNO,REJECT,BILLED)",1,0.001003713740841112,Variant_470,13
"(NEW,FIN,RELEASE,""CODE ERROR"",REOPEN,FIN,RELEASE,""CODE ERROR"",REOPEN,FIN,RELEASE,""CODE NOK"",""CODE NOK"",""CODE OK"",BILLED,STORNO,REJECT,REOPEN,FIN,RELEASE,""CODE OK"",BILLED)",1,0.001003713740841112,Variant_471,22
"(NEW,""CHANGE DIAGN"",""CHANGE DIAGN"",FIN,REOPEN,FIN,RELEASE,""CODE OK"",REOPEN,FIN,RELEASE,""CODE OK"",BILLED)",1,0.001003713740841112,Variant_472,13
"(NEW,""CHANGE DIAGN"",FIN,RELEASE,""CODE ERROR"",REOPEN,FIN,RELEASE,""CODE NOK"",REOPEN,FIN,RELEASE,""CODE OK"",BILLED,STORNO,REJECT,BILLED)",1,0.001003713740841112,Variant_473,17
"(NEW,""CHANGE DIAGN"",FIN,RELEASE,""CODE OK"",""CODE OK"")",1,0.001003713740841112,Variant_474,6
"(NEW,""CHANGE DIAGN"",FIN,RELEASE,""CODE OK"",REOPEN,FIN,RELEASE,""CODE OK"",REOPEN,FIN,RELEASE,""CODE OK"",BILLED,STORNO,REJECT,REOPEN,FIN,RELEASE,""CODE OK"",REOPEN,FIN,RELEASE,""CODE OK"",BILLED)",1,0.001003713740841112,Variant_475,25
"(NEW,FIN,RELEASE,""CODE ERROR"",REOPEN,FIN,RELEASE,""CODE OK"",REOPEN,FIN,RELEASE,""CODE NOK"",REOPEN,FIN,RELEASE,""CODE OK"",BILLED,STORNO,BILLED)",1,0.001003713740841112,Variant_476,19
"(NEW,FIN,RELEASE,""CODE OK"",""CODE OK"",BILLED,STORNO,REJECT,BILLED)",1,0.001003713740841112,Variant_477,9
"(NEW,""CHANGE DIAGN"",FIN,RELEASE,""CODE OK"",BILLED,STORNO,REJECT,REOPEN,FIN,RELEASE,""CODE OK"",REOPEN,FIN,RELEASE,""CODE OK"",REOPEN,""CHANGE DIAGN"",FIN,RELEASE,""CODE OK"",BILLED)",1,0.001003713740841112,Variant_478,22
"(NEW,FIN,RELEASE,""CODE OK"",REOPEN,FIN,REOPEN,DELETE)",1,0.001003713740841112,Variant_479,8
"(NEW,""CHANGE DIAGN"",FIN,RELEASE,""CODE OK"",REOPEN,FIN,RELEASE,""CODE OK"",""CODE OK"",BILLED)",1,0.001003713740841112,Variant_480,11
"(NEW,""CHANGE DIAGN"",""CHANGE DIAGN"",""CHANGE DIAGN"",FIN,RELEASE,""CODE OK"",REOPEN,DELETE)",1,0.001003713740841112,Variant_481,9
"(NEW,""CHANGE DIAGN"",FIN,RELEASE,""CODE OK"",""CODE OK"",BILLED,STORNO,BILLED)",1,0.001003713740841112,Variant_482,9
"(NEW,""CHANGE DIAGN"",FIN,RELEASE,REOPEN,""CHANGE DIAGN"",FIN,RELEASE,""CODE NOK"",""CODE OK"",BILLED)",1,0.001003713740841112,Variant_483,11
"(NEW,""CHANGE DIAGN"",""CHANGE DIAGN"",FIN,RELEASE,""CODE OK"",BILLED,""CODE OK"",MANUAL,RELEASE,""CODE OK"")",1,0.001003713740841112,Variant_484,11
"(NEW,""CHANGE DIAGN"",FIN,""CODE OK"",REOPEN,FIN,RELEASE,""CODE OK"",BILLED,STORNO,REJECT,REOPEN,DELETE)",1,0.001003713740841112,Variant_485,13
"(NEW,""CHANGE DIAGN"",FIN,RELEASE,""CODE NOK"",REOPEN,FIN,""CODE NOK"",REOPEN,""CHANGE DIAGN"",FIN,RELEASE,""CODE OK"",BILLED)",1,0.001003713740841112,Variant_486,14
"(NEW,""CHANGE DIAGN"",FIN,RELEASE,""CODE OK"",REOPEN,FIN,""CODE OK"",RELEASE,REOPEN,FIN,RELEASE,""CODE OK"",BILLED)",1,0.001003713740841112,Variant_487,14
"(NEW,FIN,REOPEN,FIN,REOPEN,FIN,DELETE)",1,0.001003713740841112,Variant_488,7
"(NEW,FIN,RELEASE,""CODE OK"",REOPEN,FIN,""CODE OK"",RELEASE,""CODE OK"",BILLED)",1,0.001003713740841112,Variant_489,10
"(NEW,""CHANGE DIAGN"",FIN,RELEASE,""CODE OK"",BILLED,STORNO,REJECT,RELEASE,""SET STATUS"")",1,0.001003713740841112,Variant_490,10
"(NEW,""CHANGE DIAGN"",""CHANGE DIAGN"",""CHANGE DIAGN"",FIN,RELEASE,REOPEN,DELETE)",1,0.001003713740841112,Variant_491,8
"(NEW,""CHANGE DIAGN"",FIN,RELEASE,""CODE OK"",BILLED,MANUAL,""CODE OK"")",1,0.001003713740841112,Variant_492,8
"(NEW,""CHANGE DIAGN"",FIN,RELEASE,""CODE NOK"",""CODE ERROR"",BILLED,STORNO,REJECT,REOPEN,FIN,RELEASE,""CODE NOK"",""SET STATUS"",""SET STATUS"")",1,0.001003713740841112,Variant_493,15
"(NEW,""CHANGE DIAGN"",""CHANGE DIAGN"",FIN,RELEASE,""CODE NOK"",REOPEN,FIN,RELEASE,""CODE NOK"",REOPEN,""CHANGE DIAGN"",FIN,RELEASE,""CODE NOK"",""CODE NOK"",""CODE OK"",BILLED)",1,0.001003713740841112,Variant_494,18
"(NEW,""CHANGE DIAGN"",""CHANGE DIAGN"",FIN,RELEASE,REOPEN,FIN,DELETE)",1,0.001003713740841112,Variant_495,8
"(NEW,""CHANGE DIAGN"",FIN,RELEASE,RELEASE,""SET STATUS"")",1,0.001003713740841112,Variant_496,6
"(NEW,""CHANGE DIAGN"",FIN,RELEASE,REOPEN,FIN,RELEASE,REOPEN,FIN,RELEASE,""CODE OK"",BILLED)",1,0.001003713740841112,Variant_497,12
"(NEW,FIN,RELEASE,""CODE OK"",""CHANGE END"",FIN,RELEASE,""CODE OK"",BILLED,STORNO,BILLED,MANUAL,""CODE OK"",MANUAL)",1,0.001003713740841112,Variant_498,14
"(NEW,FIN,RELEASE,MANUAL,BILLED,MANUAL)",1,0.001003713740841112,Variant_499,6
"(NEW,""CHANGE DIAGN"",FIN,RELEASE,REOPEN,""CHANGE DIAGN"",FIN,REOPEN,FIN,REOPEN,FIN,REOPEN,FIN,RELEASE,""CODE OK"",BILLED)",1,0.001003713740841112,Variant_500,16
"(NEW,""CHANGE DIAGN"",FIN,RELEASE,""CODE NOK"",REOPEN,FIN,RELEASE,""CODE NOK"",REOPEN,FIN,RELEASE,""CODE NOK"",DELETE)",1,0.001003713740841112,Variant_501,14
"(NEW,FIN,RELEASE,""CODE OK"",BILLED,STORNO,REJECT,""CHANGE END"",FIN,RELEASE,""CODE OK"",BILLED)",1,0.001003713740841112,Variant_502,12
"(NEW,FIN,RELEASE,""CODE OK"",REOPEN,FIN,RELEASE,""CODE OK"",BILLED,STORNO,REJECT,REOPEN,FIN,RELEASE,""CODE OK"",BILLED)",1,0.001003713740841112,Variant_503,16
"(NEW,""CHANGE DIAGN"",FIN,RELEASE,""CODE OK"",BILLED,STORNO,REJECT,REOPEN,FIN,""CODE OK"",RELEASE,""CODE OK"",BILLED)",1,0.001003713740841112,Variant_504,14
"(NEW,""CHANGE DIAGN"",FIN,RELEASE,""CODE OK"",REOPEN,FIN,RELEASE,""CODE OK"",MANUAL,MANUAL,""CODE OK"",BILLED)",1,0.001003713740841112,Variant_505,13
"(NEW,""CHANGE DIAGN"",""CHANGE DIAGN"",FIN,RELEASE,""CODE OK"",BILLED,STORNO,REJECT)",1,0.001003713740841112,Variant_506,9
"(NEW,""CHANGE DIAGN"",FIN,RELEASE,""CODE ERROR"",BILLED,STORNO,REJECT,RELEASE,""CODE NOK"",""SET STATUS"")",1,0.001003713740841112,Variant_507,11
"(NEW,""CHANGE DIAGN"",FIN,REOPEN,""CHANGE DIAGN"",FIN,RELEASE,""CODE OK"",REOPEN,FIN,RELEASE,""CODE OK"",BILLED)",1,0.001003713740841112,Variant_508,13
"(NEW,FIN,MANUAL)",1,0.001003713740841112,Variant_509,3
"(NEW,FIN,RELEASE,""CODE NOK"",BILLED,STORNO,REJECT,""SET STATUS"")",1,0.001003713740841112,Variant_510,8
"(NEW,FIN,RELEASE,BILLED,STORNO,BILLED,STORNO,MANUAL,BILLED)",1,0.001003713740841112,Variant_511,9
"(NEW,FIN,RELEASE,""CODE OK"",BILLED,STORNO,REJECT,RELEASE,""CODE OK"",BILLED,STORNO,REJECT,REOPEN,DELETE)",1,0.001003713740841112,Variant_512,14
"(NEW,""CHANGE DIAGN"",FIN,RELEASE,""CODE OK"",BILLED,STORNO,REJECT,REOPEN,FIN,REOPEN,FIN,REOPEN,FIN,RELEASE,REOPEN,FIN,RELEASE,""CODE OK"",BILLED)",1,0.001003713740841112,Variant_513,20
"(NEW,""CHANGE DIAGN"",""CHANGE DIAGN"",FIN,RELEASE,""CODE OK"",""SET STATUS"")",1,0.001003713740841112,Variant_514,7
"(NEW,FIN,RELEASE,""CODE NOK"",BILLED,STORNO,REJECT,BILLED,STORNO,REJECT,BILLED,STORNO,REJECT,BILLED)",1,0.001003713740841112,Variant_515,14
"(NEW,FIN,RELEASE,FIN,RELEASE,""CODE NOK"",REOPEN,DELETE)",1,0.001003713740841112,Variant_516,8
"(NEW,""CHANGE DIAGN"",FIN,RELEASE,""CODE OK"",BILLED,MANUAL,""CODE OK"",MANUAL,STORNO,REJECT,RELEASE,""CODE OK"",BILLED)",1,0.001003713740841112,Variant_517,14
"(NEW,""CHANGE DIAGN"",FIN,RELEASE,""CODE ERROR"",BILLED,STORNO,REJECT,RELEASE,""CODE NOK"",""SET STATUS"",""SET STATUS"",REOPEN,FIN,RELEASE,""CODE NOK"",""CODE OK"",BILLED)",1,0.001003713740841112,Variant_518,18
"(NEW,FIN,RELEASE,""CODE NOK"",""SET STATUS"",DELETE)",1,0.001003713740841112,Variant_519,6
"(NEW,FIN,RELEASE,""CODE ERROR"",MANUAL,RELEASE,""CODE NOK"",""CODE NOK"",""CODE OK"",BILLED)",1,0.001003713740841112,Variant_520,10
"(NEW,NEW,NEW,NEW,NEW,NEW,NEW,NEW,NEW)",1,0.001003713740841112,Variant_521,9
"(NEW,FIN,RELEASE,""CODE ERROR"",BILLED,STORNO,REJECT,REOPEN,FIN,RELEASE,""CODE NOK"",""CODE OK"",BILLED)",1,0.001003713740841112,Variant_522,13
"(NEW,FIN,RELEASE,""CODE NOK"",BILLED,STORNO,REJECT,BILLED,STORNO,REOPEN,DELETE)",1,0.001003713740841112,Variant_523,11
"(NEW,""CHANGE DIAGN"",FIN,RELEASE,""CODE NOK"",REOPEN,FIN,RELEASE,""CODE NOK"",REOPEN,FIN,RELEASE,""CODE OK"",BILLED,STORNO,REJECT,REOPEN,FIN,RELEASE,""CODE OK"",BILLED)",1,0.001003713740841112,Variant_524,21
"(NEW,FIN,RELEASE,MANUAL,MANUAL,MANUAL,BILLED)",1,0.001003713740841112,Variant_525,7
"(NEW,""CHANGE DIAGN"",FIN,RELEASE,""CODE NOK"",REOPEN,FIN,RELEASE,""CODE NOK"",REOPEN,FIN,RELEASE,""CODE NOK"",REOPEN,FIN,RELEASE,""CODE NOK"",REOPEN,""CHANGE DIAGN"",FIN,RELEASE,""CODE NOK"",""CODE OK"",BILLED)",1,0.001003713740841112,Variant_526,24
"(NEW,FIN,RELEASE,""CODE NOK"",REOPEN,""CHANGE DIAGN"",FIN,RELEASE,""CODE OK"",BILLED,STORNO,REJECT,BILLED)",1,0.001003713740841112,Variant_527,13
"(NEW,FIN,RELEASE,""CODE OK"",BILLED,""CODE OK"",STORNO,REJECT,RELEASE,REOPEN,DELETE)",1,0.001003713740841112,Variant_528,11
"(NEW,FIN,RELEASE,""CODE OK"",REOPEN,FIN,RELEASE,""CODE OK"",REOPEN,FIN,RELEASE,""CODE OK"",BILLED,STORNO,BILLED)",1,0.001003713740841112,Variant_529,15
"(NEW,FIN,RELEASE,""CODE NOK"",""CODE NOK"",REOPEN,FIN,REOPEN,FIN,RELEASE,""CODE OK"",BILLED)",1,0.001003713740841112,Variant_530,12
"(NEW,FIN,RELEASE,""CODE OK"",BILLED,""CODE OK"",STORNO,REJECT,RELEASE,""CODE OK"",""SET STATUS"")",1,0.001003713740841112,Variant_531,11
"(NEW,""CHANGE DIAGN"",FIN,RELEASE,REOPEN,FIN,RELEASE,""CODE OK"",BILLED,MANUAL,""CODE OK"",MANUAL,""CODE OK"",MANUAL,MANUAL,""CODE OK"",MANUAL)",1,0.001003713740841112,Variant_532,17
"(NEW,FIN,RELEASE,""CODE OK"",BILLED,STORNO,REJECT,RELEASE,""CODE OK"",BILLED,STORNO,REJECT,BILLED)",1,0.001003713740841112,Variant_533,13
"(NEW,""CHANGE DIAGN"",FIN,RELEASE,""CODE OK"",REOPEN,""CHANGE DIAGN"",FIN,RELEASE,""CODE OK"",REOPEN,FIN,RELEASE,""CODE OK"",BILLED,STORNO,BILLED)",1,0.001003713740841112,Variant_534,17
"(NEW,FIN,RELEASE,""CODE ERROR"",BILLED,""CODE NOK"",""CODE NOK"")",1,0.001003713740841112,Variant_535,7
"(NEW,FIN,RELEASE,""CODE NOK"",REOPEN,FIN,RELEASE,""CODE NOK"",BILLED,STORNO,BILLED)",1,0.001003713740841112,Variant_536,11
"(NEW,""CHANGE DIAGN"",FIN,RELEASE,""CODE NOK"",REOPEN,FIN,RELEASE,""SET STATUS"",""CODE NOK"",""SET STATUS"")",1,0.001003713740841112,Variant_537,11
"(NEW,""CHANGE DIAGN"",FIN,RELEASE,""CODE ERROR"",BILLED,STORNO,BILLED,STORNO,REJECT,RELEASE,""CODE NOK"",""CODE NOK"",""SET STATUS"")",1,0.001003713740841112,Variant_538,14
"(NEW,""CHANGE DIAGN"",FIN,RELEASE,""CODE OK"",REOPEN,FIN,RELEASE,REOPEN,FIN,REOPEN,FIN,RELEASE,""CODE OK"",BILLED)",1,0.001003713740841112,Variant_539,15
"(NEW,FIN,RELEASE,BILLED,STORNO,""SET STATUS"",FIN,RELEASE,DELETE)",1,0.001003713740841112,Variant_540,9
"(NEW,""CHANGE DIAGN"",FIN,RELEASE,""CODE ERROR"",BILLED,""CODE NOK"",""CODE NOK"",""CODE OK"")",1,0.001003713740841112,Variant_541,9
"(NEW,""CHANGE DIAGN"",FIN,RELEASE,""CODE NOK"",""CODE ERROR"",BILLED,STORNO,REJECT,REOPEN,FIN,RELEASE,""CODE NOK"",""CODE NOK"",MANUAL)",1,0.001003713740841112,Variant_542,15
"(NEW,FIN,RELEASE,""CODE NOK"",REOPEN,FIN,RELEASE,""CODE OK"",BILLED,MANUAL,""CODE OK"",MANUAL)",1,0.001003713740841112,Variant_543,12
"(NEW,""CHANGE DIAGN"",""CHANGE DIAGN"",FIN,RELEASE,""CODE NOK"",""CODE NOK"",""CODE OK"",BILLED)",1,0.001003713740841112,Variant_544,9
"(NEW,""CHANGE DIAGN"",FIN,RELEASE,""CODE OK"",BILLED,STORNO,REJECT,BILLED,STORNO,BILLED,STORNO,REJECT,BILLED)",1,0.001003713740841112,Variant_545,14
"(NEW,""CHANGE DIAGN"",FIN,RELEASE,""CODE OK"",BILLED,STORNO,REJECT,REOPEN,FIN,RELEASE,""CODE OK"",BILLED,""CODE OK"")",1,0.001003713740841112,Variant_546,14
"(NEW,FIN,RELEASE,""CODE OK"",BILLED,STORNO,REJECT,""CODE OK"")",1,0.001003713740841112,Variant_547,8
"(NEW,""CHANGE DIAGN"",FIN,RELEASE,""CODE OK"",BILLED,STORNO,REJECT,BILLED,STORNO,REJECT,BILLED,STORNO,REJECT,BILLED,STORNO,REJECT,BILLED,STORNO,REJECT,""SET STATUS"",""SET STATUS"")",1,0.001003713740841112,Variant_548,22
"(NEW,FIN,RELEASE,""CODE OK"",BILLED,""CODE OK"",STORNO,REJECT,RELEASE,""CODE OK"",BILLED,STORNO,BILLED)",1,0.001003713740841112,Variant_549,13
"(NEW,FIN,RELEASE,""CODE NOK"",REOPEN,FIN,RELEASE,""CODE NOK"",REOPEN,FIN,RELEASE,""CODE NOK"",REOPEN,FIN,RELEASE,""CODE NOK"",REOPEN,FIN,RELEASE,""CODE NOK"",REOPEN,DELETE)",1,0.001003713740841112,Variant_550,22
"(NEW,NEW,FIN,FIN,RELEASE,RELEASE,""CODE NOK"",BILLED,BILLED,JOIN-PAT,JOIN-PAT,JOIN-PAT,JOIN-PAT)",1,0.001003713740841112,Variant_551,13
"(NEW,""CHANGE DIAGN"",FIN,RELEASE,REOPEN,FIN,RELEASE,REOPEN,FIN,RELEASE,""CODE OK"",BILLED,STORNO,REJECT,REOPEN,FIN,RELEASE,""CODE OK"",BILLED)",1,0.001003713740841112,Variant_552,19
"(NEW,""CHANGE DIAGN"",FIN,RELEASE,""CODE OK"",BILLED,STORNO,REJECT,RELEASE,""CODE OK"",BILLED,STORNO,REJECT,BILLED)",1,0.001003713740841112,Variant_553,14
"(NEW,""CHANGE DIAGN"",FIN,RELEASE,""CODE OK"",BILLED,STORNO,REJECT,""CODE OK"",REOPEN,FIN,RELEASE,""CODE OK"",REOPEN,FIN,RELEASE,""CODE OK"",BILLED,STORNO,REJECT,BILLED)",1,0.001003713740841112,Variant_554,21
"(NEW,""CHANGE DIAGN"",""CHANGE DIAGN"",FIN,REOPEN,""CHANGE DIAGN"",FIN,RELEASE,""CODE OK"",BILLED)",1,0.001003713740841112,Variant_555,10
"(NEW,""CHANGE DIAGN"",FIN,RELEASE,""CODE OK"",MANUAL,RELEASE,""CODE OK"")",1,0.001003713740841112,Variant_556,8
"(NEW,FIN,RELEASE,""CODE NOK"",BILLED,STORNO,REJECT,BILLED,STORNO,REJECT,STORNO,REJECT,REOPEN,DELETE)",1,0.001003713740841112,Variant_557,14
"(NEW,""CHANGE DIAGN"",FIN,RELEASE,""CODE NOK"",""CODE NOK"",REOPEN,FIN,REOPEN,FIN,RELEASE,""CODE OK"",BILLED)",1,0.001003713740841112,Variant_558,13
"(NEW,FIN,RELEASE,MANUAL,REOPEN,DELETE)",1,0.001003713740841112,Variant_559,6
"(NEW,""CHANGE DIAGN"",""CHANGE DIAGN"",""CHANGE DIAGN"",FIN,REOPEN,FIN,RELEASE,""CODE OK"",BILLED,""CODE OK"")",1,0.001003713740841112,Variant_560,11
"(NEW,FIN,RELEASE,BILLED,STORNO,BILLED,STORNO,BILLED,STORNO,REJECT,MANUAL,BILLED)",1,0.001003713740841112,Variant_561,12
"(NEW,""CHANGE DIAGN"",FIN,RELEASE,""CODE OK"",REOPEN,""CHANGE DIAGN"",FIN,RELEASE,""CODE OK"",REOPEN,DELETE)",1,0.001003713740841112,Variant_562,12
"(NEW,FIN,RELEASE,""CODE OK"",BILLED,STORNO,REJECT,REOPEN,FIN,""SET STATUS"")",1,0.001003713740841112,Variant_563,10
"(NEW,""CHANGE DIAGN"",FIN,RELEASE,""CODE OK"",BILLED,STORNO,BILLED,MANUAL,MANUAL,MANUAL,""CODE OK"",MANUAL)",1,0.001003713740841112,Variant_564,13
"(NEW,FIN,RELEASE,REOPEN,FIN,RELEASE,""SET STATUS"",""SET STATUS"")",1,0.001003713740841112,Variant_565,8
"(NEW,FIN,RELEASE,RELEASE,""SET STATUS"",""SET STATUS"",REOPEN,DELETE)",1,0.001003713740841112,Variant_566,8
"(NEW,""CHANGE DIAGN"",FIN,RELEASE,""CODE OK"",""SET STATUS"",REOPEN,DELETE)",1,0.001003713740841112,Variant_567,8
"(NEW,""CHANGE DIAGN"",FIN,RELEASE,""CODE OK"",BILLED,STORNO,REJECT,DELETE)",1,0.001003713740841112,Variant_568,9
"(NEW,""CHANGE DIAGN"",FIN,RELEASE,""CODE OK"",BILLED,""CODE OK"",STORNO,REJECT,RELEASE,""CODE OK"",BILLED,STORNO,BILLED,STORNO,REJECT,RELEASE,""CODE OK"",BILLED)",1,0.001003713740841112,Variant_569,19
"(NEW,NEW,NEW,NEW,NEW,NEW)",1,0.001003713740841112,Variant_570,6
"(NEW,""CHANGE DIAGN"",FIN,RELEASE,""CODE OK"",""SET STATUS"",""SET STATUS"",""SET STATUS"")",1,0.001003713740841112,Variant_571,8
"(NEW,""CHANGE DIAGN"",""CHANGE DIAGN"",""CHANGE DIAGN"",FIN,REOPEN,DELETE)",1,0.001003713740841112,Variant_572,7
"(NEW,FIN,RELEASE,FIN,RELEASE,""CODE NOK"",BILLED,STORNO,REOPEN,FIN,RELEASE,""CODE NOK"",BILLED)",1,0.001003713740841112,Variant_573,13
"(NEW,NEW,FIN,FIN,RELEASE,RELEASE,""CODE NOK"",JOIN-PAT,JOIN-PAT,JOIN-PAT,JOIN-PAT,REOPEN,REOPEN,FIN,FIN,RELEASE,RELEASE,""CODE NOK"",BILLED,BILLED)",1,0.001003713740841112,Variant_574,20
"(NEW,""CHANGE DIAGN"",""CHANGE DIAGN"",FIN,RELEASE,""CODE OK"",MANUAL,""CODE OK"",BILLED)",1,0.001003713740841112,Variant_575,9
"(NEW,""CHANGE DIAGN"",""CHANGE DIAGN"",FIN,REOPEN,DELETE)",1,0.001003713740841112,Variant_576,6
"(NEW,""CHANGE DIAGN"",FIN,RELEASE,""CODE OK"",BILLED,STORNO,REJECT,REOPEN,FIN,RELEASE,""CODE OK"",BILLED,MANUAL,""CODE OK"",MANUAL,MANUAL,""CODE OK"",MANUAL,""CODE OK"",MANUAL,""CODE OK"",MANUAL)",1,0.001003713740841112,Variant_577,23
"(NEW,""CHANGE DIAGN"",FIN,RELEASE,""CODE NOK"",REOPEN,FIN,RELEASE,""CODE OK"",BILLED,MANUAL,""CODE OK"",MANUAL)",1,0.001003713740841112,Variant_578,13
"(NEW,FIN,RELEASE,""CODE OK"",""CODE OK"",MANUAL,RELEASE,""CODE OK"",BILLED)",1,0.001003713740841112,Variant_579,9
"(NEW,""CHANGE DIAGN"",""CHANGE DIAGN"",FIN,RELEASE,""CODE NOK"",REOPEN,""CHANGE DIAGN"",FIN,""CODE OK"",RELEASE,""CODE OK"",BILLED)",1,0.001003713740841112,Variant_580,13
"(NEW,""CHANGE DIAGN"",FIN,RELEASE,""CODE ERROR"",BILLED,STORNO,REJECT,RELEASE,""CODE NOK"",""CODE NOK"",""SET STATUS"")",1,0.001003713740841112,Variant_581,12
"(NEW,""CHANGE DIAGN"",FIN,RELEASE,""CODE OK"",BILLED,STORNO,REJECT,FIN,RELEASE,""CODE OK"",BILLED)",1,0.001003713740841112,Variant_582,12
"(NEW,""CHANGE DIAGN"",FIN,RELEASE,REOPEN,FIN,RELEASE,""CODE OK"",BILLED,STORNO,REJECT,REOPEN,FIN,RELEASE,""CODE OK"",BILLED)",1,0.001003713740841112,Variant_583,16
"(NEW,""CHANGE DIAGN"",FIN,""CODE OK"",REOPEN,FIN,RELEASE,""CODE OK"",BILLED,STORNO,REJECT,REOPEN,FIN,RELEASE,""CODE OK"",BILLED)",1,0.001003713740841112,Variant_584,16
"(NEW,FIN,RELEASE,""CODE NOK"",FIN,RELEASE,""CODE NOK"",BILLED,STORNO,REJECT,BILLED,STORNO,REJECT,RELEASE,DELETE)",1,0.001003713740841112,Variant_585,15
"(NEW,""CHANGE DIAGN"",""CHANGE DIAGN"",""CHANGE DIAGN"",""CHANGE DIAGN"",FIN,RELEASE,""CODE OK"",BILLED,STORNO,REJECT,RELEASE,""CODE OK"",BILLED)",1,0.001003713740841112,Variant_586,14
"(NEW,FIN,REOPEN,""CHANGE DIAGN"",DELETE)",1,0.001003713740841112,Variant_587,5
"(NEW,""CHANGE DIAGN"",FIN,RELEASE,""CODE OK"",MANUAL,RELEASE,""CODE OK"",MANUAL,RELEASE,""CODE OK"",BILLED)",1,0.001003713740841112,Variant_588,12
"(NEW,""CHANGE DIAGN"",FIN,RELEASE,""CODE NOK"",""CODE NOK"",""CODE NOK"",""CODE NOK"",REOPEN,FIN,RELEASE,""CODE OK"",BILLED)",1,0.001003713740841112,Variant_589,13
"(NEW,""CHANGE DIAGN"",FIN,RELEASE,""CODE OK"",REOPEN,""CHANGE DIAGN"",FIN,REOPEN,FIN,RELEASE,""CODE OK"",BILLED)",1,0.001003713740841112,Variant_590,13
"(NEW,""CHANGE DIAGN"",FIN,RELEASE,""CODE NOK"",""CODE NOK"",""CODE NOK"",""CODE NOK"",""CODE NOK"",""CODE NOK"",""CODE OK"",MANUAL,MANUAL,""CODE OK"",BILLED)",1,0.001003713740841112,Variant_591,15
"(NEW,""CHANGE DIAGN"",FIN,RELEASE,""CODE NOK"",""CODE NOK"",""CODE NOK"",""CODE NOK"",""CODE NOK"",""CODE OK"",BILLED)",1,0.001003713740841112,Variant_592,11
"(NEW,NEW,JOIN-PAT,JOIN-PAT,JOIN-PAT)",1,0.001003713740841112,Variant_593,5
"(NEW,""CHANGE DIAGN"",FIN,RELEASE,""CODE OK"",REOPEN,FIN,RELEASE,REOPEN,FIN,RELEASE,""CODE OK"",BILLED)",1,0.001003713740841112,Variant_594,13
"(NEW,""CHANGE DIAGN"",""CHANGE DIAGN"",FIN,RELEASE,""CODE OK"",REOPEN,""CODE OK"",FIN,RELEASE,""CODE OK"",BILLED)",1,0.001003713740841112,Variant_595,12
"(NEW,""CHANGE DIAGN"",""CHANGE DIAGN"",FIN,RELEASE,""CODE OK"",BILLED,STORNO,REJECT,REOPEN,FIN,RELEASE,""CODE OK"",REOPEN,FIN,RELEASE,REOPEN,FIN,RELEASE,""CODE OK"",BILLED,STORNO,BILLED)",1,0.001003713740841112,Variant_596,23
"(NEW,""CHANGE DIAGN"",FIN,RELEASE,""CODE NOK"",REOPEN,""CHANGE DIAGN"",FIN,RELEASE,""CODE NOK"",REOPEN,""CHANGE DIAGN"",""CHANGE DIAGN"",FIN,RELEASE,""CODE OK"",BILLED)",1,0.001003713740841112,Variant_597,17
"(NEW,""CHANGE DIAGN"",FIN,RELEASE,""CODE OK"",BILLED,STORNO,REJECT,BILLED,STORNO,REJECT,RELEASE,""CODE OK"",BILLED)",1,0.001003713740841112,Variant_598,14
"(NEW,FIN,RELEASE,""CODE OK"",""CODE NOK"",""CODE OK"",""CODE OK"",REOPEN,FIN,RELEASE,""CODE OK"",REOPEN,FIN,RELEASE,""CODE OK"",BILLED)",1,0.001003713740841112,Variant_599,16
"(NEW,""CHANGE DIAGN"",FIN,RELEASE,""CODE OK"",BILLED,STORNO,REJECT,REOPEN,""CHANGE DIAGN"",FIN,RELEASE,""CODE OK"",BILLED,STORNO,REJECT,REOPEN,FIN,RELEASE,""CODE OK"",BILLED)",1,0.001003713740841112,Variant_600,21
"(NEW,""CHANGE DIAGN"",""CHANGE DIAGN"",FIN,RELEASE,""CODE NOK"",REOPEN,FIN,RELEASE,""CODE OK"",BILLED,STORNO,REJECT,BILLED,STORNO,REJECT,REOPEN,FIN,RELEASE,""CODE OK"",BILLED)",1,0.001003713740841112,Variant_601,21
"(NEW,FIN,RELEASE,""CODE NOK"",""CODE NOK"",""CODE NOK"",""CODE NOK"",""SET STATUS"")",1,0.001003713740841112,Variant_602,8
"(NEW,""CHANGE DIAGN"",FIN,REOPEN,FIN,RELEASE,REOPEN,DELETE)",1,0.001003713740841112,Variant_603,8
"(NEW,""CHANGE DIAGN"",FIN,RELEASE,""CODE OK"",""CHANGE END"",""CHANGE DIAGN"",FIN,RELEASE,""CODE OK"",BILLED)",1,0.001003713740841112,Variant_604,11
"(NEW,""CHANGE DIAGN"",FIN,RELEASE,REOPEN,""CHANGE DIAGN"",FIN,REOPEN,FIN,RELEASE,""CODE OK"",BILLED)",1,0.001003713740841112,Variant_605,12
"(NEW,""CHANGE DIAGN"",FIN,RELEASE,""CODE NOK"",REOPEN,FIN,RELEASE,""CODE OK"",BILLED,STORNO,REJECT,REOPEN,FIN,RELEASE,""CODE OK"",BILLED)",1,0.001003713740841112,Variant_606,17
"(NEW,""CHANGE DIAGN"",FIN,RELEASE,""CODE OK"",BILLED,STORNO,REJECT,REOPEN,FIN,""SET STATUS"",RELEASE,""SET STATUS"",REOPEN,FIN,RELEASE,""SET STATUS"",""SET STATUS"")",1,0.001003713740841112,Variant_607,18
"(NEW,""CHANGE DIAGN"",FIN,RELEASE,""CODE ERROR"",REOPEN,""CHANGE DIAGN"",FIN,RELEASE,""CODE NOK"",""CODE NOK"",""CODE NOK"",REOPEN,FIN,RELEASE,""CODE OK"",BILLED)",1,0.001003713740841112,Variant_608,17
"(NEW,FIN,RELEASE,""CODE NOK"",""CODE OK"",BILLED,STORNO,REJECT,REOPEN,DELETE)",1,0.001003713740841112,Variant_609,10
"(NEW,FIN,RELEASE,""CHANGE END"",FIN,RELEASE,""CHANGE END"",FIN,RELEASE,""CHANGE END"",FIN,RELEASE,BILLED)",1,0.001003713740841112,Variant_610,13
"(NEW,NEW,""CHANGE DIAGN"",JOIN-PAT,JOIN-PAT,JOIN-PAT,JOIN-PAT,FIN,FIN,RELEASE,RELEASE,""CODE NOK"",""CODE OK"",BILLED,BILLED)",1,0.001003713740841112,Variant_611,15
"(NEW,""CHANGE DIAGN"",FIN,RELEASE,""CODE NOK"",""CODE NOK"",""CODE NOK"",""CODE NOK"",REOPEN,FIN,RELEASE,""CODE NOK"",REOPEN,FIN,RELEASE,""CODE NOK"",""SET STATUS"")",1,0.001003713740841112,Variant_612,17
"(NEW,""CHANGE DIAGN"",FIN,RELEASE,""CODE OK"",BILLED,STORNO,REJECT,RELEASE,""CODE OK"",REOPEN,FIN,RELEASE,""CODE OK"",REOPEN,FIN,RELEASE,""CODE OK"",BILLED)",1,0.001003713740841112,Variant_613,19
"(NEW,""CHANGE DIAGN"",""CHANGE DIAGN"",FIN,RELEASE,""CODE OK"")",1,0.001003713740841112,Variant_614,6
"(NEW,""CHANGE DIAGN"",""CHANGE DIAGN"",FIN,""SET STATUS"",""SET STATUS"",REOPEN,FIN,""SET STATUS"")",1,0.001003713740841112,Variant_615,9
"(NEW,FIN,RELEASE,REOPEN,FIN,RELEASE,""CODE OK"",BILLED,STORNO,REJECT,BILLED)",1,0.001003713740841112,Variant_616,11
"(NEW,""CHANGE DIAGN"",FIN,RELEASE,""CODE OK"",BILLED,STORNO,BILLED,STORNO,BILLED,STORNO,REJECT,BILLED,STORNO,REJECT,BILLED)",1,0.001003713740841112,Variant_617,16
"(NEW,FIN,RELEASE,REOPEN,FIN,RELEASE,""CODE OK"",BILLED,STORNO,REJECT,REOPEN,FIN,RELEASE,""CODE OK"",BILLED,STORNO,REJECT,BILLED)",1,0.001003713740841112,Variant_618,18
"(NEW,FIN,RELEASE,""CODE NOK"",""CODE OK"",BILLED,""CODE OK"")",1,0.001003713740841112,Variant_619,7
"(NEW,""CHANGE DIAGN"",FIN,RELEASE,""CODE OK"",REOPEN,""CHANGE DIAGN"",FIN,RELEASE,""CODE OK"",BILLED,MANUAL,""CODE OK"",MANUAL)",1,0.001003713740841112,Variant_620,14
"(NEW,FIN,RELEASE,BILLED,STORNO,""SET STATUS"")",1,0.001003713740841112,Variant_621,6
"(NEW,FIN,RELEASE,BILLED,STORNO,REJECT,BILLED,MANUAL,MANUAL)",1,0.001003713740841112,Variant_622,9
"(NEW,""CHANGE DIAGN"",FIN,RELEASE,""CODE OK"",BILLED,STORNO,""SET STATUS"",""SET STATUS"",RELEASE,""CODE OK"",""SET STATUS"")",1,0.001003713740841112,Variant_623,12
"(NEW,""CHANGE DIAGN"",FIN,RELEASE,""CODE NOK"",REOPEN,FIN,""SET STATUS"")",1,0.001003713740841112,Variant_624,8
"(NEW,""CHANGE DIAGN"",""CODE OK"",FIN,RELEASE,""CODE OK"",BILLED,STORNO,BILLED)",1,0.001003713740841112,Variant_625,9
"(NEW,NEW,""CHANGE DIAGN"",FIN,FIN,RELEASE,RELEASE,""CODE OK"",BILLED,BILLED,STORNO,STORNO,JOIN-PAT,JOIN-PAT,JOIN-PAT,JOIN-PAT,BILLED,BILLED)",1,0.001003713740841112,Variant_626,18
"(NEW,FIN,RELEASE,REOPEN,FIN,REOPEN,FIN,RELEASE,""CODE OK"",BILLED)",1,0.001003713740841112,Variant_627,10
"(NEW,""CHANGE DIAGN"",FIN,""SET STATUS"",RELEASE,""CODE OK"",REOPEN,FIN,RELEASE,""CODE OK"",BILLED,STORNO,REJECT,""SET STATUS"")",1,0.001003713740841112,Variant_628,14
"(NEW,""CHANGE DIAGN"",""SET STATUS"",""SET STATUS"",FIN,""SET STATUS"")",1,0.001003713740841112,Variant_629,6
"(NEW,""SET STATUS"",""SET STATUS"",""SET STATUS"",DELETE)",1,0.001003713740841112,Variant_630,5
"(NEW,""CHANGE DIAGN"",FIN,RELEASE,""CODE OK"",REOPEN,FIN,RELEASE,""CODE OK"",BILLED,STORNO,REJECT,RELEASE,""CODE OK"",BILLED,STORNO,BILLED)",1,0.001003713740841112,Variant_631,17
"(NEW,""CHANGE DIAGN"",FIN,RELEASE,""CODE NOK"",REOPEN,""CHANGE DIAGN"",FIN,RELEASE,""CODE OK"",MANUAL,MANUAL,""CODE OK"",BILLED)",1,0.001003713740841112,Variant_632,14
"(NEW,""CHANGE DIAGN"",""CHANGE DIAGN"",FIN,RELEASE,""CODE OK"",REOPEN,""CHANGE DIAGN"",FIN,RELEASE,""CODE OK"",REOPEN,FIN,RELEASE,""CODE OK"",BILLED)",1,0.001003713740841112,Variant_633,16
"(NEW,""CHANGE DIAGN"",FIN,RELEASE,""CODE OK"",REOPEN,""CHANGE DIAGN"",FIN,RELEASE,""CODE OK"",BILLED,MANUAL,MANUAL)",1,0.001003713740841112,Variant_634,13
"(NEW,FIN,RELEASE,""CODE OK"",BILLED,STORNO,REJECT,BILLED,STORNO,REOPEN,DELETE)",1,0.001003713740841112,Variant_635,11
"(NEW,""CHANGE DIAGN"",FIN,""SET STATUS"",RELEASE,""CODE OK"",BILLED,STORNO,REJECT,""SET STATUS"")",1,0.001003713740841112,Variant_636,10
"(NEW,""CHANGE DIAGN"",FIN,RELEASE,""CODE OK"",BILLED,STORNO)",1,0.001003713740841112,Variant_637,7
"(NEW,""CHANGE DIAGN"",FIN,RELEASE,""CODE OK"",BILLED,STORNO,REJECT,RELEASE,""CODE OK"",BILLED,STORNO,REJECT,REOPEN,DELETE)",1,0.001003713740841112,Variant_638,15
"(NEW,""CHANGE DIAGN"",FIN,RELEASE,""CODE NOK"",REOPEN,FIN,RELEASE,""CODE NOK"",REOPEN,FIN,RELEASE,""CODE NOK"",REOPEN,FIN,RELEASE,""CODE NOK"",REOPEN,FIN,RELEASE,""CODE NOK"",""SET STATUS"")",1,0.001003713740841112,Variant_639,22
"(NEW,""CHANGE DIAGN"",FIN,RELEASE,""CODE ERROR"",REOPEN,FIN,RELEASE,""CODE NOK"",""SET STATUS"")",1,0.001003713740841112,Variant_640,10
"(NEW,""CHANGE DIAGN"",FIN,RELEASE,""CODE NOK"",REOPEN,FIN,RELEASE,REOPEN,FIN,RELEASE,""CODE OK"",BILLED)",1,0.001003713740841112,Variant_641,13
"(NEW,""CHANGE DIAGN"",""CHANGE DIAGN"",FIN,RELEASE,""CODE NOK"",REOPEN,FIN,RELEASE,""CODE NOK"",REOPEN,""CHANGE DIAGN"",FIN,RELEASE,""CODE OK"",BILLED)",1,0.001003713740841112,Variant_642,16
"(NEW,""CHANGE DIAGN"",FIN,RELEASE,""CODE OK"",BILLED,STORNO,REJECT,REOPEN,FIN,RELEASE,""CODE OK"",BILLED,STORNO,REJECT,RELEASE,""CODE OK"",BILLED,STORNO,BILLED)",1,0.001003713740841112,Variant_643,20
"(NEW,""CHANGE DIAGN"",FIN,RELEASE,""CODE OK"",BILLED,STORNO,REJECT,BILLED,STORNO,REJECT,BILLED,STORNO,REJECT,BILLED,STORNO,REJECT,BILLED,STORNO,REJECT,BILLED,STORNO,REJECT,BILLED,STORNO,REJECT,BILLED)",1,0.001003713740841112,Variant_644,27
"(NEW,""CHANGE DIAGN"",""CHANGE DIAGN"",FIN,RELEASE,""CODE NOK"",REOPEN,FIN,RELEASE,""CODE OK"",BILLED,MANUAL,MANUAL)",1,0.001003713740841112,Variant_645,13
"(NEW,""CHANGE DIAGN"",FIN,RELEASE,""CODE OK"",BILLED,STORNO,REJECT,RELEASE,""CODE OK"",REOPEN,FIN,RELEASE,""CODE OK"",BILLED,STORNO,BILLED)",1,0.001003713740841112,Variant_646,17
"(NEW,FIN,RELEASE,""CODE ERROR"",BILLED,""CODE NOK"",MANUAL,""CODE NOK"",MANUAL,MANUAL,""CODE OK"")",1,0.001003713740841112,Variant_647,11
"(NEW,""CHANGE DIAGN"",""CHANGE DIAGN"",FIN,RELEASE,""CODE NOK"",REOPEN,""CODE NOK"",FIN,RELEASE,""CODE NOK"",REOPEN,""CODE NOK"",FIN,RELEASE,""CODE NOK"",""CODE OK"",BILLED)",1,0.001003713740841112,Variant_648,18
"(NEW,""CHANGE DIAGN"",FIN,RELEASE,""CODE OK"",BILLED,""CODE OK"",STORNO,REJECT,REOPEN,FIN,REOPEN,FIN,RELEASE,""CODE OK"",BILLED)",1,0.001003713740841112,Variant_649,16
